active1dayusers,date
402,30/06/23
433,01/07/23
467,02/07/23
582,03/07/23
613,04/07/23
593,05/07/23
582,06/07/23
518,07/07/23
485,08/07/23
487,09/07/23
646,10/07/23
580,11/07/23
579,12/07/23
568,13/07/23
553,14/07/23
544,15/07/23
496,16/07/23
647,17/07/23
563,18/07/23
560,19/07/23
518,20/07/23
507,21/07/23
467,22/07/23
486,23/07/23
574,24/07/23
546,25/07/23
537,26/07/23
529,27/07/23
468,28/07/23
537,29/07/23
461,30/07/23
600,31/07/23
566,01/08/23
540,02/08/23
525,03/08/23
526,04/08/23
443,05/08/23
395,06/08/23
517,07/08/23
543,08/08/23
491,09/08/23
518,10/08/23
473,11/08/23
447,12/08/23
444,13/08/23
566,14/08/23
563,15/08/23
464,16/08/23
456,17/08/23
517,18/08/23
430,19/08/23
419,20/08/23
534,21/08/23
481,22/08/23
481,23/08/23
507,24/08/23
532,25/08/23
489,26/08/23
442,27/08/23
617,28/08/23
515,29/08/23
496,30/08/23
481,31/08/23
456,01/09/23
436,02/09/23
396,03/09/23
535,04/09/23
586,05/09/23
551,06/09/23
560,07/09/23
470,08/09/23
527,09/09/23
473,10/09/23
592,11/09/23
559,12/09/23
535,13/09/23
520,14/09/23
479,15/09/23
447,16/09/23
466,17/09/23
597,18/09/23
574,19/09/23
534,20/09/23
523,21/09/23
508,22/09/23
509,23/09/23
517,24/09/23
670,25/09/23
586,26/09/23
523,27/09/23
516,28/09/23
530,29/09/23
510,30/09/23
490,01/10/23
658,02/10/23
559,03/10/23
540,04/10/23
533,05/10/23
530,06/10/23
523,07/10/23
516,08/10/23
608,09/10/23
656,10/10/23
686,11/10/23
601,12/10/23
602,13/10/23
610,14/10/23
585,15/10/23
733,16/10/23
671,17/10/23
637,18/10/23
628,19/10/23
643,20/10/23
591,21/10/23
589,22/10/23
724,23/10/23
678,24/10/23
677,25/10/23
628,26/10/23
646,27/10/23
584,28/10/23
612,29/10/23
774,30/10/23
677,31/10/23
705,01/11/23
645,02/11/23
739,03/11/23
715,04/11/23
638,05/11/23
739,06/11/23
685,07/11/23
693,08/11/23
655,09/11/23
707,10/11/23
653,11/11/23
655,12/11/23
762,13/11/23
686,14/11/23
654,15/11/23
602,16/11/23
641,17/11/23
669,18/11/23
658,19/11/23
796,20/11/23
756,21/11/23
712,22/11/23
602,23/11/23
623,24/11/23
639,25/11/23
602,26/11/23
643,27/11/23
684,28/11/23
595,29/11/23
533,30/11/23
533,01/12/23
566,02/12/23
568,03/12/23
633,04/12/23
630,05/12/23
547,06/12/23
550,07/12/23
595,08/12/23
536,09/12/23
522,10/12/23
690,11/12/23
581,12/12/23
507,13/12/23
556,14/12/23
490,15/12/23
542,16/12/23
481,17/12/23
612,18/12/23
570,19/12/23
491,20/12/23
471,21/12/23
474,22/12/23
415,23/12/23
323,24/12/23
275,25/12/23
471,26/12/23
533,27/12/23
551,28/12/23
488,29/12/23
525,30/12/23
411,31/12/23
516,01/01/24
663,02/01/24
685,03/01/24
681,04/01/24
647,05/01/24
624,06/01/24
570,07/01/24
651,08/01/24
668,09/01/24
639,10/01/24
592,11/01/24
648,12/01/24
658,13/01/24
640,14/01/24
757,15/01/24
681,16/01/24
640,17/01/24
621,18/01/24
655,19/01/24
671,20/01/24
652,21/01/24
746,22/01/24
677,23/01/24
634,24/01/24
649,25/01/24
594,26/01/24
703,27/01/24
722,28/01/24
743,29/01/24
679,30/01/24
661,31/01/24
656,01/02/24
753,02/02/24
814,03/02/24
845,04/02/24
884,05/02/24
810,06/02/24
840,07/02/24
821,08/02/24
763,09/02/24
787,10/02/24
662,11/02/24
765,12/02/24
776,13/02/24
690,14/02/24
678,15/02/24
731,16/02/24
794,17/02/24
756,18/02/24
813,19/02/24
792,20/02/24
791,21/02/24
767,22/02/24
754,23/02/24
905,24/02/24
886,25/02/24
853,26/02/24
808,27/02/24
723,28/02/24
833,29/02/24
705,01/03/24
852,02/03/24
827,03/03/24
891,04/03/24
668,05/03/24
650,06/03/24
546,07/03/24
515,08/03/24
568,09/03/24
520,10/03/24
582,11/03/24
467,12/03/24
455,13/03/24
456,14/03/24
466,15/03/24
460,16/03/24
422,17/03/24
542,18/03/24
476,19/03/24
483,20/03/24
473,21/03/24
538,22/03/24
521,23/03/24
468,24/03/24
512,25/03/24
430,26/03/24
404,27/03/24
436,28/03/24
431,29/03/24
472,30/03/24
404,31/03/24
583,01/04/24
571,02/04/24
594,03/04/24
574,04/04/24
537,05/04/24
617,06/04/24
555,07/04/24
571,08/04/24
565,09/04/24
514,10/04/24
629,11/04/24
546,12/04/24
567,13/04/24
546,14/04/24
606,15/04/24
584,16/04/24
592,17/04/24
576,18/04/24
573,19/04/24
603,20/04/24
555,21/04/24
581,22/04/24
607,23/04/24
549,24/04/24
596,25/04/24
524,26/04/24
597,27/04/24
589,28/04/24
675,29/04/24
635,30/04/24
521,01/05/24
502,02/05/24
565,03/05/24
486,04/05/24
568,05/05/24
580,06/05/24
592,07/05/24
609,08/05/24
659,09/05/24
575,10/05/24
640,11/05/24
583,12/05/24
716,13/05/24
651,14/05/24
696,15/05/24
614,16/05/24
698,17/05/24
616,18/05/24
601,19/05/24
611,20/05/24
642,21/05/24
563,22/05/24
628,23/05/24
537,24/05/24
596,25/05/24
540,26/05/24
694,27/05/24
718,28/05/24
702,29/05/24
636,30/05/24
694,31/05/24
530,01/06/24
575,02/06/24
702,03/06/24
723,04/06/24
635,05/06/24
648,06/06/24
632,07/06/24
563,08/06/24
643,09/06/24
703,10/06/24
648,11/06/24
624,12/06/24
597,13/06/24
564,14/06/24
526,15/06/24
499,16/06/24
632,17/06/24
594,18/06/24
633,19/06/24
600,20/06/24
652,21/06/24
599,22/06/24
647,23/06/24
630,24/06/24
636,25/06/24
608,26/06/24
596,27/06/24
549,28/06/24
582,29/06/24
517,30/06/24
516,01/07/24
694,02/07/24
679,03/07/24
585,04/07/24
623,05/07/24
582,06/07/24
594,07/07/24
734,08/07/24
694,09/07/24
670,10/07/24
678,11/07/24
595,12/07/24
577,13/07/24
524,14/07/24
679,15/07/24
648,16/07/24
654,17/07/24
653,18/07/24
564,19/07/24
584,20/07/24
594,21/07/24
721,22/07/24
679,23/07/24
668,24/07/24
347,25/07/24