active28dayusers,date
402,30/06/23
824,01/07/23
1281,02/07/23
1850,03/07/23
2440,04/07/23
3009,05/07/23
3552,06/07/23
4028,07/07/23
4493,08/07/23
4950,09/07/23
5552,10/07/23
6143,11/07/23
6656,12/07/23
7195,13/07/23
7699,14/07/23
8214,15/07/23
8681,16/07/23
9257,17/07/23
9775,18/07/23
10301,19/07/23
10740,20/07/23
11213,21/07/23
11535,22/07/23
11966,23/07/23
12513,24/07/23
13018,25/07/23
13489,26/07/23
13933,27/07/23
13999,28/07/23
14076,29/07/23
14057,30/07/23
14050,31/07/23
14002,01/08/23
13975,02/08/23
13946,03/08/23
13942,04/08/23
13931,05/08/23
13920,06/08/23
13841,07/08/23
13833,08/08/23
13658,09/08/23
13577,10/08/23
13483,11/08/23
13473,12/08/23
13352,13/08/23
13199,14/08/23
13207,15/08/23
13157,16/08/23
13135,17/08/23
13162,18/08/23
13144,19/08/23
13107,20/08/23
13040,21/08/23
12947,22/08/23
12841,23/08/23
12856,24/08/23
12845,25/08/23
12793,26/08/23
12785,27/08/23
12827,28/08/23
12760,29/08/23
12729,30/08/23
12703,31/08/23
12695,01/09/23
12690,02/09/23
12702,03/09/23
12760,04/09/23
12799,05/09/23
12904,06/09/23
12938,07/09/23
12974,08/09/23
13042,09/09/23
13101,10/09/23
13160,11/09/23
13161,12/09/23
13245,13/09/23
13382,14/09/23
13290,15/09/23
13280,16/09/23
13332,17/09/23
13432,18/09/23
13509,19/09/23
13513,20/09/23
13542,21/09/23
13540,22/09/23
13542,23/09/23
13573,24/09/23
13613,25/09/23
13742,26/09/23
13789,27/09/23
13826,28/09/23
13901,29/09/23
13939,30/09/23
13980,01/10/23
14192,02/10/23
14223,03/10/23
14191,04/10/23
14129,05/10/23
14138,06/10/23
14128,07/10/23
14237,08/10/23
14176,09/10/23
14286,10/10/23
14389,11/10/23
14538,12/10/23
14729,13/10/23
14903,14/10/23
15041,15/10/23
15138,16/10/23
15156,17/10/23
15236,18/10/23
15469,19/10/23
15550,20/10/23
15598,21/10/23
15641,22/10/23
15652,23/10/23
15724,24/10/23
15924,25/10/23
15970,26/10/23
16100,27/10/23
16221,28/10/23
16374,29/10/23
16427,30/10/23
16502,31/10/23
16715,01/11/23
16768,02/11/23
16889,03/11/23
17079,04/11/23
17213,05/11/23
17308,06/11/23
17389,07/11/23
17443,08/11/23
17470,09/11/23
17551,10/11/23
17568,11/11/23
17625,12/11/23
17607,13/11/23
17698,14/11/23
17722,15/11/23
17720,16/11/23
17742,17/11/23
17823,18/11/23
17927,19/11/23
17894,20/11/23
17995,21/11/23
17996,22/11/23
17917,23/11/23
17926,24/11/23
17984,25/11/23
17971,26/11/23
17849,27/11/23
17790,28/11/23
17655,29/11/23
17569,30/11/23
17365,01/12/23
17246,02/12/23
17181,03/12/23
17100,04/12/23
17057,05/12/23
16904,06/12/23
16790,07/12/23
16743,08/12/23
16653,09/12/23
16523,10/12/23
16463,11/12/23
16390,12/12/23
16215,13/12/23
16099,14/12/23
16058,15/12/23
15957,16/12/23
15832,17/12/23
15673,18/12/23
15434,19/12/23
15259,20/12/23
15169,21/12/23
15044,22/12/23
14764,23/12/23
14520,24/12/23
14193,25/12/23
13956,26/12/23
13908,27/12/23
13924,28/12/23
13924,29/12/23
13831,30/12/23
13683,31/12/23
13561,01/01/24
13595,02/01/24
13760,03/01/24
13931,04/01/24
13942,05/01/24
14077,06/01/24
14075,07/01/24
14115,08/01/24
14206,09/01/24
14332,10/01/24
14342,11/01/24
14531,12/01/24
14628,13/01/24
14706,14/01/24
14815,15/01/24
14963,16/01/24
15107,17/01/24
15231,18/01/24
15458,19/01/24
15638,20/01/24
15971,21/01/24
16470,22/01/24
16688,23/01/24
16787,24/01/24
16888,25/01/24
16971,26/01/24
17191,27/01/24
17550,28/01/24
17757,29/01/24
17741,30/01/24
17696,31/01/24
17666,01/02/24
17740,02/02/24
17928,03/02/24
18118,04/02/24
18416,05/02/24
18519,06/02/24
18764,07/02/24
19000,08/02/24
19101,09/02/24
19246,10/02/24
19297,11/02/24
19275,12/02/24
19317,13/02/24
19338,14/02/24
19378,15/02/24
19405,16/02/24
19562,17/02/24
19628,18/02/24
19654,19/02/24
19770,20/02/24
19918,21/02/24
20079,22/02/24
20230,23/02/24
20447,24/02/24
20518,25/02/24
20691,26/02/24
20876,27/02/24
20931,28/02/24
21037,29/02/24
21017,01/03/24
20999,02/03/24
21028,03/03/24
21068,04/03/24
20914,05/03/24
20669,06/03/24
20416,07/03/24
20102,08/03/24
19989,09/03/24
19831,10/03/24
19632,11/03/24
19297,12/03/24
19056,13/03/24
18813,14/03/24
18626,15/03/24
18289,16/03/24
17986,17/03/24
17731,18/03/24
17424,19/03/24
17134,20/03/24
16827,21/03/24
16662,22/03/24
16233,23/03/24
15763,24/03/24
15414,25/03/24
15030,26/03/24
14689,27/03/24
14342,28/03/24
14108,29/03/24
13785,30/03/24
13357,31/03/24
13027,01/04/24
12861,02/04/24
12812,03/04/24
12834,04/04/24
12864,05/04/24
12849,06/04/24
12934,07/04/24
12852,08/04/24
12919,09/04/24
12978,10/04/24
13125,11/04/24
13174,12/04/24
13318,13/04/24
13490,14/04/24
13586,15/04/24
13693,16/04/24
13812,17/04/24
13920,18/04/24
13939,19/04/24
13971,20/04/24
14018,21/04/24
14145,22/04/24
14294,23/04/24
14406,24/04/24
14602,25/04/24
14649,26/04/24
14707,27/04/24
14932,28/04/24
15060,29/04/24
15142,30/04/24
15029,01/05/24
14977,02/05/24
15024,03/05/24
14846,04/05/24
14895,05/05/24
14917,06/05/24
14926,07/05/24
15082,08/05/24
15063,09/05/24
15116,10/05/24
15169,11/05/24
15245,12/05/24
15412,13/05/24
15511,14/05/24
15605,15/05/24
15660,16/05/24
15869,17/05/24
15941,18/05/24
16017,19/05/24
16076,20/05/24
16123,21/05/24
16085,22/05/24
16142,23/05/24
16151,24/05/24
16163,25/05/24
16101,26/05/24
16070,27/05/24
16082,28/05/24
16301,29/05/24
16376,30/05/24
16550,31/05/24
16637,01/06/24
16684,02/06/24
16813,03/06/24
16871,04/06/24
16909,05/06/24
16868,06/06/24
16990,07/06/24
16943,08/06/24
17076,09/06/24
17120,10/06/24
17072,11/06/24
16969,12/06/24
16935,13/06/24
16836,14/06/24
16774,15/06/24
16600,16/06/24
16569,17/06/24
16480,18/06/24
16459,19/06/24
16451,20/06/24
16590,21/06/24
16552,22/06/24
16701,23/06/24
16591,24/06/24
16509,25/06/24
16403,26/06/24
16352,27/06/24
16184,28/06/24
16288,29/06/24
16176,30/06/24
15984,01/07/24
15961,02/07/24
16057,03/07/24
16024,04/07/24
15999,05/07/24
16013,06/07/24
15981,07/07/24
16001,08/07/24
16049,09/07/24
16150,10/07/24
16280,11/07/24
16321,12/07/24
16337,13/07/24
16309,14/07/24
16320,15/07/24
16350,16/07/24
16321,17/07/24
16297,18/07/24
16228,19/07/24
16225,20/07/24
16262,21/07/24
16405,22/07/24
16397,23/07/24
16407,24/07/24
16175,25/07/24
15645,26/07/24