newusers,eventcount,totalusers,conversions,totalrevenue,devicecategory,engagementrate,engagedsessions,date
134,1333,134,0,0,desktop,0.766666667,115,30/06/23
264,1410,264,0,0,mobile,0.584507042,166,30/06/23
4,18,4,0,0,tablet,0.75,3,30/06/23
100,1086,106,0,0,desktop,0.760330579,92,01/07/23
306,1644,320,0,0,mobile,0.552941176,188,01/07/23
16,82,16,0,0,tablet,0.875,14,01/07/23
113,1118,120,0,0,desktop,0.77037037,104,02/07/23
324,1831,333,0,0,mobile,0.605633803,215,02/07/23
19,109,19,0,0,tablet,0.7,14,02/07/23
182,1807,195,0,0,desktop,0.756637168,171,03/07/23
371,2134,381,0,0,mobile,0.568627451,232,03/07/23
16,112,17,0,0,tablet,0.529411765,9,03/07/23
230,2936,249,0,0,desktop,0.701388889,202,04/07/23
339,1934,358,0,0,mobile,0.551378446,220,04/07/23
21,158,21,0,0,tablet,0.636363636,14,04/07/23
209,2037,230,0,0,desktop,0.68401487,184,05/07/23
337,2026,360,0,0,mobile,0.607235142,235,05/07/23
19,84,19,0,0,tablet,0.473684211,9,05/07/23
215,2438,247,0,0,desktop,0.677852349,202,06/07/23
312,1847,335,0,0,mobile,0.52892562,192,06/07/23
14,120,18,0,0,tablet,0.681818182,15,06/07/23
174,2108,209,0,0,desktop,0.709821429,159,07/07/23
287,1613,315,0,0,mobile,0.519061584,177,07/07/23
14,115,14,0,0,tablet,0.928571429,13,07/07/23
108,900,120,0,0,desktop,0.708955224,95,08/07/23
339,2160,359,0,0,mobile,0.636842105,242,08/07/23
18,121,20,0,0,tablet,0.636363636,14,08/07/23
119,1227,141,0,0,desktop,0.745098039,114,09/07/23
318,2185,347,0,0,mobile,0.614775726,233,09/07/23
1,3,1,0,0,smart tv,0,0,09/07/23
17,124,19,0,0,tablet,0.75,15,09/07/23
234,2569,271,0,0,desktop,0.742765273,231,10/07/23
349,2579,377,0,0,mobile,0.575829384,243,10/07/23
19,211,22,0,0,tablet,0.434782609,10,10/07/23
212,2819,252,0,0,desktop,0.717171717,213,11/07/23
307,1940,338,0,0,mobile,0.666666667,246,11/07/23
10,58,10,0,0,tablet,0.7,7,11/07/23
204,1993,240,0,0,desktop,0.694339623,184,12/07/23
314,2190,347,0,0,mobile,0.550649351,212,12/07/23
14,79,14,0,0,tablet,0.571428571,8,12/07/23
201,2281,235,0,0,desktop,0.698884758,188,13/07/23
316,2025,341,0,0,mobile,0.562162162,208,13/07/23
11,127,12,0,0,tablet,0.8125,13,13/07/23
171,1702,208,0,0,desktop,0.699588477,170,14/07/23
331,2032,353,0,0,mobile,0.545219638,211,14/07/23
13,111,15,0,0,tablet,0.722222222,13,14/07/23
127,1443,148,0,0,desktop,0.754491018,126,15/07/23
356,2542,395,0,0,mobile,0.603286385,257,15/07/23
17,241,18,0,0,tablet,0.65,13,15/07/23
112,1560,139,0,0,desktop,0.756410256,118,16/07/23
336,2094,358,0,0,mobile,0.645408163,253,16/07/23
9,111,10,0,0,tablet,0.692307692,9,16/07/23
229,2845,279,0,0,desktop,0.685628743,229,17/07/23
342,2366,379,0,0,mobile,0.580882353,237,17/07/23
11,100,16,0,0,tablet,0.5625,9,17/07/23
182,2551,234,0,0,desktop,0.728301887,193,18/07/23
315,2037,343,0,0,mobile,0.586956522,216,18/07/23
7,70,10,0,0,tablet,0.727272727,8,18/07/23
195,2308,233,0,0,desktop,0.696864111,200,19/07/23
293,1908,329,0,0,mobile,0.559556787,202,19/07/23
13,67,16,0,0,tablet,0.625,10,19/07/23
178,2570,215,0,0,desktop,0.660305344,173,20/07/23
280,1999,313,0,0,mobile,0.555232558,191,20/07/23
12,87,14,0,0,tablet,0.571428571,8,20/07/23
153,1524,187,0,0,desktop,0.676190476,142,21/07/23
285,1859,325,0,0,mobile,0.543661972,193,21/07/23
10,87,11,0,0,tablet,0.636363636,7,21/07/23
107,1368,133,0,0,desktop,0.74829932,110,22/07/23
303,2029,337,0,0,mobile,0.585831063,215,22/07/23
10,61,11,0,0,tablet,0.5,6,22/07/23
110,1117,133,0,0,desktop,0.726666667,109,23/07/23
335,2525,359,0,0,mobile,0.6328125,243,23/07/23
6,49,6,0,0,tablet,0.666666667,4,23/07/23
191,2594,236,0,0,desktop,0.712177122,193,24/07/23
316,2108,341,0,0,mobile,0.615789474,234,24/07/23
10,54,11,0,0,tablet,0.818181818,9,24/07/23
172,3002,209,0,0,desktop,0.751072961,175,25/07/23
305,2249,345,0,0,mobile,0.577540107,216,25/07/23
13,85,15,0,0,tablet,0.6,9,25/07/23
209,2203,247,0,0,desktop,0.687943262,194,26/07/23
264,1854,296,0,0,mobile,0.605590062,195,26/07/23
16,105,19,0,0,tablet,0.65,13,26/07/23
149,1566,190,0,0,desktop,0.680952381,143,27/07/23
312,1788,345,0,0,mobile,0.606951872,227,27/07/23
19,195,21,0,0,tablet,0.761904762,16,27/07/23
136,2080,173,0,0,desktop,0.735294118,150,28/07/23
263,1677,296,0,0,mobile,0.579439252,186,28/07/23
20,150,22,0,0,tablet,0.869565217,20,28/07/23
114,1494,139,0,0,desktop,0.710691824,113,29/07/23
351,3011,395,0,0,mobile,0.643835616,282,29/07/23
20,135,21,0,0,tablet,0.952380952,20,29/07/23
105,1152,126,0,0,desktop,0.757352941,103,30/07/23
303,2218,329,0,0,mobile,0.62745098,224,30/07/23
17,120,20,0,0,tablet,0.619047619,13,30/07/23
227,2794,271,0,0,desktop,0.719242902,228,31/07/23
303,2054,334,0,0,mobile,0.606557377,222,31/07/23
14,81,15,0,0,tablet,0.666666667,10,31/07/23
217,2196,260,0,0,desktop,0.667808219,195,01/08/23
285,2098,314,0,0,mobile,0.590116279,203,01/08/23
13,97,14,0,0,tablet,0.714285714,10,01/08/23
189,2124,223,0,0,desktop,0.732283465,186,02/08/23
295,1848,324,0,0,mobile,0.549132948,190,02/08/23
13,49,13,0,0,tablet,0.538461538,7,02/08/23
182,2122,219,0,0,desktop,0.7421875,190,03/08/23
289,1760,316,0,0,mobile,0.530791789,181,03/08/23
7,70,7,0,0,tablet,0.857142857,6,03/08/23
164,1766,203,0,0,desktop,0.694690265,157,04/08/23
291,1952,313,0,0,mobile,0.589970501,200,04/08/23
20,133,21,0,0,tablet,0.583333333,14,04/08/23
98,1135,118,0,0,desktop,0.717391304,99,05/08/23
304,1789,322,0,0,mobile,0.64516129,220,05/08/23
7,29,8,0,0,tablet,0.625,5,05/08/23
93,985,111,0,0,desktop,0.733333333,88,06/08/23
265,1455,285,0,0,mobile,0.623287671,182,06/08/23
11,129,11,0,0,tablet,0.75,9,06/08/23
157,2095,183,0,0,desktop,0.764423077,159,07/08/23
292,2071,328,0,0,mobile,0.601719198,210,07/08/23
23,176,26,0,0,tablet,0.730769231,19,07/08/23
215,3067,264,0,0,desktop,0.738562092,226,08/08/23
254,2009,285,0,0,mobile,0.591900312,190,08/08/23
18,205,21,0,0,tablet,0.590909091,13,08/08/23
150,1551,188,0,0,desktop,0.627802691,140,09/08/23
276,1972,309,0,0,mobile,0.598265896,207,09/08/23
9,60,12,0,0,tablet,0.833333333,10,09/08/23
183,2405,229,0,0,desktop,0.751851852,203,10/08/23
266,2163,297,0,0,mobile,0.570987654,185,10/08/23
13,107,13,0,0,tablet,0.538461538,7,10/08/23
158,1741,193,0,0,desktop,0.740566038,157,11/08/23
241,1655,275,0,0,mobile,0.629139073,190,11/08/23
17,96,18,0,0,tablet,0.578947368,11,11/08/23
108,1326,135,0,0,desktop,0.735483871,114,12/08/23
283,1740,308,0,0,mobile,0.648148148,210,12/08/23
12,87,13,0,0,tablet,0.538461538,7,12/08/23
114,1270,133,0,0,desktop,0.662162162,98,13/08/23
277,1782,307,0,0,mobile,0.579754601,189,13/08/23
14,95,15,0,0,tablet,0.8,12,13/08/23
186,2362,239,0,0,desktop,0.731292517,215,14/08/23
301,1917,338,0,0,mobile,0.55922865,203,14/08/23
16,100,18,0,0,tablet,0.555555556,10,14/08/23
170,1780,204,0,0,desktop,0.695833333,167,15/08/23
330,2222,360,0,0,mobile,0.629353234,253,15/08/23
14,98,15,0,0,tablet,0.666666667,10,15/08/23
141,1704,170,0,0,desktop,0.698492462,139,16/08/23
281,1588,304,0,0,mobile,0.597014925,200,16/08/23
11,68,11,0,0,tablet,0.636363636,7,16/08/23
153,1584,183,0,0,desktop,0.697247706,152,17/08/23
259,1470,277,0,0,mobile,0.506802721,149,17/08/23
7,38,8,0,0,tablet,0.875,7,17/08/23
177,1929,208,0,0,desktop,0.673387097,167,18/08/23
286,1841,315,0,0,mobile,0.532163743,182,18/08/23
12,95,13,0,0,tablet,0.615384615,8,18/08/23
107,976,124,0,0,desktop,0.714285714,100,19/08/23
274,1635,299,0,0,mobile,0.577287066,183,19/08/23
17,169,19,0,0,tablet,0.736842105,14,19/08/23
103,1336,121,0,0,desktop,0.782945736,101,20/08/23
272,1937,294,0,0,mobile,0.60443038,191,20/08/23
13,62,13,0,0,tablet,0.692307692,9,20/08/23
193,1994,227,0,0,desktop,0.679245283,180,21/08/23
280,1689,309,0,0,mobile,0.618902439,203,21/08/23
17,116,19,0,0,tablet,0.75,15,21/08/23
170,1704,213,0,0,desktop,0.677290837,170,22/08/23
245,1666,268,0,0,mobile,0.596551724,173,22/08/23
14,104,18,0,0,tablet,0.789473684,15,22/08/23
164,1952,203,0,0,desktop,0.668103448,155,23/08/23
244,1607,281,0,0,mobile,0.618729097,185,23/08/23
16,114,16,0,0,tablet,0.6875,11,23/08/23
189,2025,222,0,0,desktop,0.723320158,183,24/08/23
270,1720,288,0,0,mobile,0.591194969,188,24/08/23
16,128,17,0,0,tablet,0.588235294,10,24/08/23
177,1758,216,0,0,desktop,0.676229508,165,25/08/23
284,2026,324,0,0,mobile,0.597101449,206,25/08/23
1,5,1,0,0,smart tv,1,1,25/08/23
9,66,14,0,0,tablet,0.714285714,10,25/08/23
102,1269,126,0,0,desktop,0.673333333,101,26/08/23
329,1946,357,0,0,mobile,0.625329815,237,26/08/23
17,105,18,0,0,tablet,0.578947368,11,26/08/23
105,1071,126,0,0,desktop,0.709219858,100,27/08/23
287,1559,305,0,0,mobile,0.586750789,186,27/08/23
23,191,25,0,0,tablet,0.76,19,27/08/23
208,2305,249,0,0,desktop,0.734982332,208,28/08/23
349,2058,371,0,0,mobile,0.596446701,235,28/08/23
16,102,17,0,0,tablet,0.588235294,10,28/08/23
166,2009,214,0,0,desktop,0.699588477,170,29/08/23
293,1858,318,0,0,mobile,0.618768328,211,29/08/23
8,54,9,0,0,tablet,0.666666667,6,29/08/23
189,1886,224,0,0,desktop,0.675889328,171,30/08/23
255,1449,281,0,0,mobile,0.592592593,176,30/08/23
10,62,10,0,0,tablet,0.9,9,30/08/23
169,1452,208,0,0,desktop,0.67965368,157,31/08/23
263,1371,285,0,0,mobile,0.562913907,170,31/08/23
16,71,16,0,0,tablet,0.75,12,31/08/23
165,1688,195,0,0,desktop,0.705882353,156,01/09/23
249,1413,267,0,0,mobile,0.625441696,177,01/09/23
9,83,12,0,0,tablet,0.769230769,10,01/09/23
102,1051,123,0,0,desktop,0.711111111,96,02/09/23
295,1836,317,0,0,mobile,0.619760479,207,02/09/23
11,90,12,0,0,tablet,0.785714286,11,02/09/23
102,861,110,0,0,desktop,0.73553719,89,03/09/23
265,1504,281,0,0,mobile,0.621993127,181,03/09/23
10,39,10,0,0,tablet,0.6,6,03/09/23
144,1424,162,0,0,desktop,0.695402299,121,04/09/23
340,2405,365,0,0,mobile,0.626903553,247,04/09/23
19,200,19,0,0,tablet,0.666666667,14,04/09/23
208,2072,246,0,0,desktop,0.725978648,204,05/09/23
315,2383,345,0,0,mobile,0.631043257,248,05/09/23
14,158,16,0,0,tablet,0.833333333,15,05/09/23
192,1980,233,0,0,desktop,0.715909091,189,06/09/23
301,1792,326,0,0,mobile,0.566951567,199,06/09/23
10,91,13,0,0,tablet,0.769230769,10,06/09/23
192,2276,242,0,0,desktop,0.737827715,197,07/09/23
296,1716,319,0,0,mobile,0.575842697,205,07/09/23
17,148,18,0,0,tablet,0.777777778,14,07/09/23
158,1632,198,0,0,desktop,0.681034483,158,08/09/23
255,1653,279,0,0,mobile,0.595959596,177,08/09/23
11,89,12,0,0,tablet,0.538461538,7,08/09/23
136,1279,157,0,0,desktop,0.773809524,130,09/09/23
345,2224,372,0,0,mobile,0.614634146,252,09/09/23
16,115,16,0,0,tablet,0.625,10,09/09/23
115,1220,129,0,0,desktop,0.735714286,103,10/09/23
318,1976,348,0,0,mobile,0.585164835,213,10/09/23
11,58,11,0,0,tablet,0.818181818,9,10/09/23
235,2681,272,0,0,desktop,0.698757764,225,11/09/23
289,2073,321,0,0,mobile,0.603932584,215,11/09/23
20,262,20,0,0,tablet,0.761904762,16,11/09/23
183,1751,221,0,0,desktop,0.721115538,181,12/09/23
310,1953,335,0,0,mobile,0.616438356,225,12/09/23
16,147,18,0,0,tablet,0.722222222,13,12/09/23
185,2089,220,0,0,desktop,0.714828897,188,13/09/23
289,1869,315,0,0,mobile,0.596439169,201,13/09/23
22,260,22,0,0,tablet,0.791666667,19,13/09/23
185,1775,216,0,0,desktop,0.707317073,174,14/09/23
270,1626,291,0,0,mobile,0.572347267,178,14/09/23
1,3,1,0,0,smart tv,0,0,14/09/23
21,229,22,0,0,tablet,0.695652174,16,14/09/23
145,1395,182,0,0,desktop,0.698564593,146,15/09/23
278,1560,303,0,0,mobile,0.601880878,192,15/09/23
12,68,14,0,0,tablet,0.642857143,9,15/09/23
87,1095,109,0,0,desktop,0.677966102,80,16/09/23
309,2010,331,0,0,mobile,0.656338028,233,16/09/23
15,89,18,0,0,tablet,0.736842105,14,16/09/23
109,1002,125,0,0,desktop,0.709219858,100,17/09/23
302,1869,324,0,0,mobile,0.609970674,208,17/09/23
21,225,25,0,0,tablet,0.703703704,19,17/09/23
233,2402,273,0,0,desktop,0.746794872,233,18/09/23
292,2020,327,0,0,mobile,0.626038781,226,18/09/23
15,222,15,0,0,tablet,0.4375,7,18/09/23
208,2355,255,0,0,desktop,0.704318937,212,19/09/23
306,1978,322,0,0,mobile,0.64619883,221,19/09/23
12,128,14,0,0,tablet,0.714285714,10,19/09/23
190,2287,231,0,0,desktop,0.7,189,20/09/23
273,1885,300,0,0,mobile,0.609090909,201,20/09/23
16,178,19,0,0,tablet,0.523809524,11,20/09/23
192,2454,229,0,0,desktop,0.70411985,188,21/09/23
266,1785,295,0,0,mobile,0.589506173,191,21/09/23
14,81,16,0,0,tablet,0.705882353,12,21/09/23
174,1867,207,0,0,desktop,0.654320988,159,22/09/23
278,1615,308,0,0,mobile,0.552552553,184,22/09/23
13,159,15,0,0,tablet,0.625,10,22/09/23
122,1154,139,0,0,desktop,0.763157895,116,23/09/23
334,2340,361,0,0,mobile,0.589420655,234,23/09/23
16,140,16,0,0,tablet,0.764705882,13,23/09/23
126,1571,150,0,0,desktop,0.784090909,138,24/09/23
333,2069,354,0,0,mobile,0.601583113,228,24/09/23
22,153,22,0,0,tablet,0.772727273,17,24/09/23
236,2763,278,0,0,desktop,0.727848101,230,25/09/23
357,2150,390,0,0,mobile,0.61686747,256,25/09/23
20,168,26,0,0,tablet,0.518518519,14,25/09/23
212,2094,260,0,0,desktop,0.714776632,208,26/09/23
303,1768,338,0,0,mobile,0.565683646,211,26/09/23
15,96,15,0,0,tablet,1,15,26/09/23
183,2078,216,0,0,desktop,0.671875,172,27/09/23
290,1707,315,0,0,mobile,0.568807339,186,27/09/23
11,49,11,0,0,tablet,0.636363636,7,27/09/23
155,1592,189,0,0,desktop,0.704035874,157,28/09/23
307,2113,327,0,0,mobile,0.588571429,206,28/09/23
20,132,22,0,0,tablet,0.625,15,28/09/23
188,1908,218,0,0,desktop,0.677290837,170,29/09/23
275,1912,301,0,0,mobile,0.622291022,201,29/09/23
17,106,18,0,0,tablet,0.578947368,11,29/09/23
120,1166,146,0,0,desktop,0.71686747,119,30/09/23
332,2291,358,0,0,mobile,0.613810742,240,30/09/23
15,82,16,0,0,tablet,0.75,12,30/09/23
111,1075,130,0,0,desktop,0.74829932,110,01/10/23
319,1979,350,0,0,mobile,0.591397849,220,01/10/23
18,160,22,0,0,tablet,0.681818182,15,01/10/23
220,2067,265,0,0,desktop,0.704081633,207,02/10/23
374,2258,399,0,0,mobile,0.567816092,247,02/10/23
15,84,17,0,0,tablet,0.588235294,10,02/10/23
218,2192,265,0,0,desktop,0.726351351,215,03/10/23
275,1762,298,0,0,mobile,0.623824451,199,03/10/23
18,164,19,0,0,tablet,0.736842105,14,03/10/23
167,1586,214,0,0,desktop,0.68699187,169,04/10/23
313,1963,342,0,0,mobile,0.637096774,237,04/10/23
13,54,14,0,0,tablet,0.466666667,7,04/10/23
212,2424,250,0,0,desktop,0.68013468,202,05/10/23
275,1834,297,0,0,mobile,0.61829653,196,05/10/23
5,37,6,0,0,tablet,0.5,3,05/10/23
165,1656,206,0,0,desktop,0.698275862,162,06/10/23
297,1856,323,0,0,mobile,0.610619469,207,06/10/23
18,84,18,0,0,tablet,0.578947368,11,06/10/23
128,1170,151,0,0,desktop,0.78125,125,07/10/23
344,1712,360,0,0,mobile,0.581395349,225,07/10/23
20,89,20,0,0,tablet,0.7,14,07/10/23
125,1020,139,0,0,desktop,0.72972973,108,08/10/23
361,1864,377,0,0,mobile,0.597964377,235,08/10/23
12,52,13,0,0,tablet,0.769230769,10,08/10/23
172,1581,194,0,0,desktop,0.739336493,156,09/10/23
394,2378,409,0,0,mobile,0.598607889,258,09/10/23
18,79,20,0,0,tablet,0.55,11,09/10/23
224,2036,266,0,0,desktop,0.683870968,212,10/10/23
363,2145,397,0,0,mobile,0.578088578,248,10/10/23
16,79,18,0,0,tablet,0.631578947,12,10/10/23
216,1929,259,0,0,desktop,0.699324324,207,11/10/23
388,2390,422,0,0,mobile,0.604444444,272,11/10/23
22,92,22,0,0,tablet,0.565217391,13,11/10/23
188,1735,221,0,0,desktop,0.674509804,172,12/10/23
357,2019,382,0,0,mobile,0.598062954,247,12/10/23
15,64,17,0,0,tablet,0.529411765,9,12/10/23
190,1790,218,0,0,desktop,0.744,186,13/10/23
356,1861,377,0,0,mobile,0.59,236,13/10/23
22,114,22,0,0,tablet,0.739130435,17,13/10/23
136,1436,161,0,0,desktop,0.768361582,136,14/10/23
424,2164,449,0,0,mobile,0.545643154,263,14/10/23
16,81,16,0,0,tablet,0.588235294,10,14/10/23
177,1905,201,0,0,desktop,0.793577982,173,15/10/23
360,1965,381,0,0,mobile,0.604878049,248,15/10/23
1,3,1,0,0,smart tv,0,0,15/10/23
12,99,14,0,0,tablet,0.571428571,8,15/10/23
239,2571,283,0,0,desktop,0.70212766,231,16/10/23
412,2770,447,0,0,mobile,0.629166667,302,16/10/23
15,87,19,0,0,tablet,0.578947368,11,16/10/23
239,2443,292,0,0,desktop,0.704819277,234,17/10/23
344,1862,373,0,0,mobile,0.5975,239,17/10/23
24,159,25,0,0,tablet,0.76,19,17/10/23
236,2273,280,0,0,desktop,0.693037975,219,18/10/23
334,1951,360,0,0,mobile,0.574412533,220,18/10/23
17,160,19,0,0,tablet,0.666666667,14,18/10/23
200,2126,246,0,0,desktop,0.717241379,208,19/10/23
356,2033,372,0,0,mobile,0.597468354,236,19/10/23
25,140,27,0,0,tablet,0.714285714,20,19/10/23
215,2265,262,0,0,desktop,0.735973597,223,20/10/23
364,2036,390,0,0,mobile,0.607748184,251,20/10/23
14,70,14,0,0,tablet,0.8125,13,20/10/23
156,1357,177,0,0,desktop,0.72,144,21/10/23
387,2158,411,0,0,mobile,0.589327146,254,21/10/23
15,79,17,0,0,tablet,0.722222222,13,21/10/23
141,1358,168,0,0,desktop,0.720430108,134,22/10/23
408,2399,423,0,0,mobile,0.590389016,258,22/10/23
16,162,16,0,0,tablet,0.625,10,22/10/23
254,2599,288,0,0,desktop,0.713395639,229,23/10/23
408,2456,432,0,0,mobile,0.631808279,290,23/10/23
20,96,20,0,0,tablet,0.857142857,18,23/10/23
225,2391,274,0,0,desktop,0.664556962,210,24/10/23
383,2063,408,0,0,mobile,0.596287703,257,24/10/23
18,97,19,0,0,tablet,0.578947368,11,24/10/23
244,2457,280,0,0,desktop,0.712933754,226,25/10/23
371,2002,388,0,0,mobile,0.577294686,239,25/10/23
24,189,25,0,0,tablet,0.76,19,25/10/23
202,2191,253,0,0,desktop,0.684931507,200,26/10/23
354,1942,372,0,0,mobile,0.574358974,224,26/10/23
20,106,24,0,0,tablet,0.625,15,26/10/23
207,2004,268,0,0,desktop,0.704918033,215,27/10/23
346,2198,372,0,0,mobile,0.588528678,236,27/10/23
25,136,25,0,0,tablet,0.571428571,16,27/10/23
127,1384,155,0,0,desktop,0.67032967,122,28/10/23
396,2402,421,0,0,mobile,0.643015521,290,28/10/23
24,160,24,0,0,tablet,0.666666667,16,28/10/23
152,1748,175,0,0,desktop,0.770408163,151,29/10/23
407,2240,423,0,0,mobile,0.614349776,274,29/10/23
21,112,23,0,0,tablet,0.695652174,16,29/10/23
293,3670,344,0,0,desktop,0.705882353,276,30/10/23
396,2550,426,0,0,mobile,0.623059867,281,30/10/23
25,170,28,0,0,tablet,0.571428571,16,30/10/23
226,2222,273,0,0,desktop,0.719869707,221,31/10/23
391,2357,417,0,0,mobile,0.589800443,266,31/10/23
12,171,12,0,0,tablet,0.8,12,31/10/23
224,2517,268,0,0,desktop,0.690553746,212,01/11/23
396,2327,430,0,0,mobile,0.568281938,258,01/11/23
1,3,1,0,0,smart tv,0,0,01/11/23
27,265,32,0,0,tablet,0.72972973,27,01/11/23
209,2081,254,0,0,desktop,0.702054795,205,02/11/23
374,2496,408,0,0,mobile,0.585034014,258,02/11/23
12,65,14,0,0,tablet,0.533333333,8,02/11/23
217,2506,268,0,0,desktop,0.738019169,231,03/11/23
432,2431,461,0,0,mobile,0.590725806,293,03/11/23
24,161,25,0,0,tablet,0.8,20,03/11/23
136,1454,164,0,0,desktop,0.735955056,131,04/11/23
514,3142,533,0,0,mobile,0.599303136,344,04/11/23
29,180,30,0,0,tablet,0.766666667,23,04/11/23
148,1471,170,0,0,desktop,0.752688172,140,05/11/23
439,2712,465,0,0,mobile,0.611788618,301,05/11/23
15,129,17,0,0,tablet,0.647058824,11,05/11/23
243,2248,292,0,0,desktop,0.72392638,236,06/11/23
419,2635,451,0,0,mobile,0.590725806,293,06/11/23
18,148,20,0,0,tablet,0.7,14,06/11/23
222,2208,265,0,0,desktop,0.681208054,203,07/11/23
399,2486,431,0,0,mobile,0.55483871,258,07/11/23
13,77,15,0,0,tablet,0.8,12,07/11/23
233,2205,282,0,0,desktop,0.706070288,221,08/11/23
397,2424,427,0,0,mobile,0.578366446,262,08/11/23
13,129,14,0,0,tablet,0.571428571,8,08/11/23
243,2385,299,0,0,desktop,0.680597015,228,09/11/23
333,1868,360,0,0,mobile,0.521410579,207,09/11/23
19,129,19,0,0,tablet,0.85,17,09/11/23
239,2416,269,0,0,desktop,0.708737864,219,10/11/23
405,2415,430,0,0,mobile,0.554323725,250,10/11/23
21,116,23,0,0,tablet,0.608695652,14,10/11/23
163,1544,188,0,0,desktop,0.748743719,149,11/11/23
421,2466,454,0,0,mobile,0.610997963,300,11/11/23
25,116,26,0,0,tablet,0.615384615,16,11/11/23
136,1141,160,0,0,desktop,0.767857143,129,12/11/23
452,2801,484,0,0,mobile,0.621301775,315,12/11/23
1,3,1,0,0,smart tv,0,0,12/11/23
24,128,25,0,0,tablet,0.740740741,20,12/11/23
290,3067,343,0,0,desktop,0.693467337,276,13/11/23
390,2206,424,0,0,mobile,0.634090909,279,13/11/23
15,54,15,0,0,tablet,0.4,6,13/11/23
238,2426,275,0,0,desktop,0.692789969,221,14/11/23
387,2001,407,0,0,mobile,0.592505855,253,14/11/23
20,154,20,0,0,tablet,0.7,14,14/11/23
219,2123,256,0,0,desktop,0.694915254,205,15/11/23
371,2113,397,0,0,mobile,0.6073903,263,15/11/23
15,108,15,0,0,tablet,0.5,9,15/11/23
199,1825,235,0,0,desktop,0.705223881,189,16/11/23
345,1932,366,0,0,mobile,0.583120205,228,16/11/23
18,105,18,0,0,tablet,0.631578947,12,16/11/23
231,2321,272,0,0,desktop,0.637820513,199,17/11/23
350,1896,374,0,0,mobile,0.555269923,216,17/11/23
15,74,16,0,0,tablet,0.75,12,17/11/23
170,1340,189,0,0,desktop,0.778894472,155,18/11/23
445,2662,470,0,0,mobile,0.582846004,299,18/11/23
21,106,23,0,0,tablet,0.695652174,16,18/11/23
157,1338,187,0,0,desktop,0.707070707,140,19/11/23
439,2442,465,0,0,mobile,0.555102041,272,19/11/23
23,178,24,0,0,tablet,0.52,13,19/11/23
263,2849,314,0,0,desktop,0.67115903,249,20/11/23
445,2680,483,0,0,mobile,0.587548638,302,20/11/23
18,150,21,0,0,tablet,0.681818182,15,20/11/23
221,2427,284,0,0,desktop,0.686390533,232,21/11/23
438,2486,463,0,0,mobile,0.556,278,21/11/23
26,121,26,0,0,tablet,0.769230769,20,21/11/23
218,2391,272,0,0,desktop,0.731788079,221,22/11/23
414,2561,444,0,0,mobile,0.554603854,259,22/11/23
20,335,24,0,0,tablet,0.814814815,22,22/11/23
184,1961,227,0,0,desktop,0.716535433,182,23/11/23
352,2041,375,0,0,mobile,0.58524173,230,23/11/23
20,180,20,0,0,tablet,0.6,12,23/11/23
190,2264,230,0,0,desktop,0.762264151,202,24/11/23
356,2292,386,0,0,mobile,0.635235732,256,24/11/23
17,102,20,0,0,tablet,0.681818182,15,24/11/23
138,1421,181,0,0,desktop,0.692682927,142,25/11/23
403,2624,457,0,0,mobile,0.606854839,301,25/11/23
23,121,24,0,0,tablet,0.75,18,25/11/23
160,1447,185,0,0,desktop,0.719806763,149,26/11/23
392,2327,412,0,0,mobile,0.565217391,247,26/11/23
19,176,20,0,0,tablet,0.7,14,26/11/23
200,1971,245,0,0,desktop,0.738970588,201,27/11/23
371,2043,401,0,0,mobile,0.576036866,250,27/11/23
15,73,16,0,0,tablet,0.764705882,13,27/11/23
237,2307,273,0,0,desktop,0.728434505,228,28/11/23
387,2410,416,0,0,mobile,0.608501119,272,28/11/23
15,108,16,0,0,tablet,0.705882353,12,28/11/23
205,1948,252,0,0,desktop,0.6816609,197,29/11/23
316,1982,345,0,0,mobile,0.672176309,244,29/11/23
15,68,15,0,0,tablet,0.733333333,11,29/11/23
188,1655,228,0,0,desktop,0.662878788,175,30/11/23
286,1798,309,0,0,mobile,0.650306748,212,30/11/23
15,71,18,0,0,tablet,0.611111111,11,30/11/23
197,1656,235,0,0,desktop,0.676806084,178,01/12/23
277,1669,298,0,0,mobile,0.593373494,197,01/12/23
18,82,19,0,0,tablet,0.736842105,14,01/12/23
148,1316,177,0,0,desktop,0.719387755,141,02/12/23
359,2002,385,0,0,mobile,0.602439024,247,02/12/23
20,165,20,0,0,tablet,0.681818182,15,02/12/23
130,1253,155,0,0,desktop,0.693641618,120,03/12/23
378,1995,400,0,0,mobile,0.605263158,253,03/12/23
28,129,28,0,0,tablet,0.7,21,03/12/23
210,2186,257,0,0,desktop,0.712802768,206,04/12/23
357,2216,382,0,0,mobile,0.623441397,250,04/12/23
15,77,16,0,0,tablet,0.375,6,04/12/23
211,2073,251,0,0,desktop,0.675,189,05/12/23
347,2292,378,0,0,mobile,0.591133005,240,05/12/23
20,106,23,0,0,tablet,0.47826087,11,05/12/23
190,1820,234,0,0,desktop,0.647286822,167,06/12/23
297,1790,314,0,0,mobile,0.643076923,209,06/12/23
1,3,1,0,0,smart tv,0,0,06/12/23
19,100,20,0,0,tablet,0.6,12,06/12/23
174,2054,216,0,0,desktop,0.713709677,177,07/12/23
316,1842,339,0,0,mobile,0.556149733,208,07/12/23
17,86,19,0,0,tablet,0.526315789,10,07/12/23
195,2095,226,0,0,desktop,0.724,181,08/12/23
356,1766,371,0,0,mobile,0.592875318,233,08/12/23
13,60,15,0,0,tablet,0.5625,9,08/12/23
101,999,121,0,0,desktop,0.698529412,95,09/12/23
375,2242,402,0,0,mobile,0.559090909,246,09/12/23
21,194,21,0,0,tablet,0.565217391,13,09/12/23
130,938,149,0,0,desktop,0.687116564,112,10/12/23
345,1883,366,0,0,mobile,0.59947644,229,10/12/23
18,68,18,0,0,tablet,0.5,9,10/12/23
230,2294,279,0,0,desktop,0.728395062,236,11/12/23
376,2400,406,0,0,mobile,0.59688196,268,11/12/23
21,212,23,0,0,tablet,0.8,20,11/12/23
180,1758,215,0,0,desktop,0.701612903,174,12/12/23
337,2027,365,0,0,mobile,0.61498708,238,12/12/23
16,220,19,0,0,tablet,0.681818182,15,12/12/23
164,1563,199,0,0,desktop,0.67264574,150,13/12/23
285,1545,305,0,0,mobile,0.613003096,198,13/12/23
16,94,17,0,0,tablet,0.666666667,12,13/12/23
185,1818,219,0,0,desktop,0.698039216,178,14/12/23
318,1954,338,0,0,mobile,0.569444444,205,14/12/23
14,80,15,0,0,tablet,0.4375,7,14/12/23
153,1536,184,0,0,desktop,0.706730769,147,15/12/23
288,1737,309,0,0,mobile,0.570996979,189,15/12/23
7,25,8,0,0,tablet,0.25,2,15/12/23
120,900,133,0,0,desktop,0.765517241,111,16/12/23
374,2021,398,0,0,mobile,0.584507042,249,16/12/23
21,130,24,0,0,tablet,0.583333333,14,16/12/23
95,1108,115,0,0,desktop,0.71969697,95,17/12/23
325,1797,357,0,0,mobile,0.563157895,214,17/12/23
26,123,27,0,0,tablet,0.607142857,17,17/12/23
222,2543,259,0,0,desktop,0.713793103,207,18/12/23
327,2009,358,0,0,mobile,0.599489796,235,18/12/23
15,93,16,0,0,tablet,0.470588235,8,18/12/23
184,1821,216,0,0,desktop,0.666666667,166,19/12/23
335,1830,358,0,0,mobile,0.541237113,210,19/12/23
15,101,18,0,0,tablet,0.777777778,14,19/12/23
131,1325,166,0,0,desktop,0.653061224,128,20/12/23
303,1616,322,0,0,mobile,0.581120944,197,20/12/23
23,115,23,0,0,tablet,0.739130435,17,20/12/23
144,1138,175,0,0,desktop,0.714285714,140,21/12/23
270,1576,292,0,0,mobile,0.560897436,175,21/12/23
18,109,18,0,0,tablet,0.631578947,12,21/12/23
128,1354,159,0,0,desktop,0.734104046,127,22/12/23
288,1567,312,0,0,mobile,0.566765579,191,22/12/23
15,71,15,0,0,tablet,0.666666667,10,22/12/23
100,809,110,0,0,desktop,0.67768595,82,23/12/23
276,1453,300,0,0,mobile,0.548589342,175,23/12/23
17,81,17,0,0,tablet,0.470588235,8,23/12/23
60,396,76,0,0,desktop,0.597560976,49,24/12/23
232,1165,242,0,0,mobile,0.584,146,24/12/23
15,89,18,0,0,tablet,0.421052632,8,24/12/23
56,557,65,0,0,desktop,0.777777778,56,25/12/23
195,949,208,0,0,mobile,0.528037383,113,25/12/23
11,134,14,0,0,tablet,0.571428571,8,25/12/23
112,1101,124,0,0,desktop,0.768115942,106,26/12/23
327,1576,342,0,0,mobile,0.598870056,212,26/12/23
13,58,13,0,0,tablet,0.571428571,8,26/12/23
131,1467,152,0,0,desktop,0.776470588,132,27/12/23
362,1924,386,0,0,mobile,0.561576355,228,27/12/23
15,66,17,0,0,tablet,0.5,9,27/12/23
140,1594,168,0,0,desktop,0.702020202,139,28/12/23
355,1865,376,0,0,mobile,0.53101737,214,28/12/23
27,165,31,0,0,tablet,0.741935484,23,28/12/23
118,952,132,0,0,desktop,0.722222222,104,29/12/23
333,1580,348,0,0,mobile,0.546448087,200,29/12/23
18,82,20,0,0,tablet,0.45,9,29/12/23
138,873,145,0,0,desktop,0.780645161,121,30/12/23
347,1721,366,0,0,mobile,0.541450777,209,30/12/23
21,82,22,0,0,tablet,0.590909091,13,30/12/23
87,528,95,0,0,desktop,0.676767677,67,31/12/23
292,1355,308,0,0,mobile,0.51863354,167,31/12/23
18,70,18,0,0,tablet,0.555555556,10,31/12/23
121,994,132,0,0,desktop,0.633802817,90,01/01/24
351,1745,379,0,0,mobile,0.569620253,225,01/01/24
21,82,23,0,0,tablet,0.47826087,11,01/01/24
193,1913,230,0,0,desktop,0.713178295,184,02/01/24
407,2292,433,0,0,mobile,0.616740088,280,02/01/24
19,125,19,0,0,tablet,0.52173913,12,02/01/24
242,2140,273,0,0,desktop,0.654952077,205,03/01/24
377,2100,405,0,0,mobile,0.605140187,259,03/01/24
1,3,1,0,0,smart tv,0,0,03/01/24
21,102,24,0,0,tablet,0.625,15,03/01/24
227,2446,274,0,0,desktop,0.730263158,222,04/01/24
389,2240,412,0,0,mobile,0.633027523,276,04/01/24
15,64,15,0,0,tablet,0.533333333,8,04/01/24
229,2181,270,0,0,desktop,0.68707483,202,05/01/24
347,2286,383,0,0,mobile,0.620192308,258,05/01/24
16,62,16,0,0,tablet,0.5,8,05/01/24
146,1272,171,0,0,desktop,0.70212766,132,06/01/24
404,2199,430,0,0,mobile,0.599118943,272,06/01/24
37,164,38,0,0,tablet,0.615384615,24,06/01/24
138,1283,163,0,0,desktop,0.699421965,121,07/01/24
369,1909,400,0,0,mobile,0.576388889,249,07/01/24
27,159,28,0,0,tablet,0.827586207,24,07/01/24
221,2170,255,0,0,desktop,0.723021583,201,08/01/24
371,2390,391,0,0,mobile,0.641148325,268,08/01/24
20,155,21,0,0,tablet,0.52,13,08/01/24
246,2469,287,0,0,desktop,0.703030303,232,09/01/24
357,1898,375,0,0,mobile,0.589420655,234,09/01/24
25,199,26,0,0,tablet,0.555555556,15,09/01/24
219,2241,258,0,0,desktop,0.740740741,220,10/01/24
344,2205,373,0,0,mobile,0.610552764,243,10/01/24
20,126,22,0,0,tablet,0.52173913,12,10/01/24
206,2016,252,0,0,desktop,0.693379791,199,11/01/24
314,1932,341,0,0,mobile,0.581717452,210,11/01/24
24,224,27,0,0,tablet,0.777777778,21,11/01/24
217,1913,250,0,0,desktop,0.694244604,193,12/01/24
368,2108,404,0,0,mobile,0.600950119,253,12/01/24
25,163,26,0,0,tablet,0.607142857,17,12/01/24
163,1502,187,0,0,desktop,0.643902439,132,13/01/24
421,2424,443,0,0,mobile,0.635789474,302,13/01/24
38,205,38,0,0,tablet,0.536585366,22,13/01/24
140,1520,165,0,0,desktop,0.723756906,131,14/01/24
429,2558,461,0,0,mobile,0.639839034,318,14/01/24
26,134,29,0,0,tablet,0.580645161,18,14/01/24
275,2764,328,0,0,desktop,0.703296703,256,15/01/24
405,2310,431,0,0,mobile,0.626086957,288,15/01/24
24,112,26,0,0,tablet,0.576923077,15,15/01/24
251,2072,301,0,0,desktop,0.635820896,213,16/01/24
364,2196,382,0,0,mobile,0.658354115,264,16/01/24
22,215,24,0,0,tablet,0.416666667,10,16/01/24
216,1958,256,0,0,desktop,0.731182796,204,17/01/24
367,2058,385,0,0,mobile,0.574938575,234,17/01/24
18,138,19,0,0,tablet,0.681818182,15,17/01/24
199,1877,240,0,0,desktop,0.730909091,201,18/01/24
366,2102,385,0,0,mobile,0.555035129,237,18/01/24
16,101,17,0,0,tablet,0.529411765,9,18/01/24
221,1656,250,0,0,desktop,0.656028369,185,19/01/24
375,2042,403,0,0,mobile,0.584507042,249,19/01/24
22,174,24,0,0,tablet,0.56,14,19/01/24
173,1267,198,0,0,desktop,0.67281106,146,20/01/24
449,2495,477,0,0,mobile,0.631578947,312,20/01/24
18,98,20,0,0,tablet,0.636363636,14,20/01/24
173,1528,197,0,0,desktop,0.748837209,161,21/01/24
419,2163,439,0,0,mobile,0.611713666,282,21/01/24
25,110,25,0,0,tablet,0.576923077,15,21/01/24
293,2918,333,0,0,desktop,0.688311688,265,22/01/24
378,2199,408,0,0,mobile,0.6,264,22/01/24
30,132,31,0,0,tablet,0.548387097,17,22/01/24
250,2120,288,0,0,desktop,0.641104294,209,23/01/24
361,2247,399,0,0,mobile,0.654676259,273,23/01/24
16,76,16,0,0,tablet,0.6875,11,23/01/24
225,1876,261,0,0,desktop,0.696969697,207,24/01/24
349,1894,369,0,0,mobile,0.596401028,232,24/01/24
20,131,20,0,0,tablet,0.391304348,9,24/01/24
208,1863,242,0,0,desktop,0.703971119,195,25/01/24
380,2145,398,0,0,mobile,0.585480094,250,25/01/24
23,101,24,0,0,tablet,0.56,14,25/01/24
191,1591,220,0,0,desktop,0.668032787,163,26/01/24
344,1944,369,0,0,mobile,0.579081633,227,26/01/24
19,178,21,0,0,tablet,0.666666667,14,26/01/24
197,1836,226,0,0,desktop,0.722891566,180,27/01/24
436,2426,469,0,0,mobile,0.585170341,292,27/01/24
26,208,28,0,0,tablet,0.689655172,20,27/01/24
188,1415,204,0,0,desktop,0.745535714,167,28/01/24
476,2633,501,0,0,mobile,0.559479554,301,28/01/24
30,204,31,0,0,tablet,0.35483871,11,28/01/24
255,3043,293,0,0,desktop,0.782208589,255,29/01/24
413,2329,445,0,0,mobile,0.616525424,291,29/01/24
22,132,24,0,0,tablet,0.52,13,29/01/24
243,2615,283,0,0,desktop,0.760383387,238,30/01/24
365,2388,398,0,0,mobile,0.614832536,257,30/01/24
18,85,18,0,0,tablet,0.666666667,12,30/01/24
240,2785,288,0,0,desktop,0.717391304,231,31/01/24
341,2019,372,0,0,mobile,0.640897756,257,31/01/24
20,121,23,0,0,tablet,0.68,17,31/01/24
221,2909,250,0,0,desktop,0.682142857,191,01/02/24
369,2183,406,0,0,mobile,0.602836879,255,01/02/24
29,130,31,0,0,tablet,0.5,16,01/02/24
225,2015,267,0,0,desktop,0.65,195,02/02/24
454,2715,484,0,0,mobile,0.5703125,292,02/02/24
26,204,28,0,0,tablet,0.666666667,20,02/02/24
182,1889,214,0,0,desktop,0.724576271,171,03/02/24
555,3196,598,0,0,mobile,0.580031696,366,03/02/24
24,125,26,0,0,tablet,0.653846154,17,03/02/24
178,1675,206,0,0,desktop,0.655021834,150,04/02/24
596,3359,635,0,0,mobile,0.535820896,359,04/02/24
27,118,27,0,0,tablet,0.592592593,16,04/02/24
275,2465,330,0,0,desktop,0.695290859,251,05/02/24
516,3315,546,0,0,mobile,0.51369863,300,05/02/24
33,232,36,0,0,tablet,0.552631579,21,05/02/24
272,2598,312,0,0,desktop,0.708683473,253,06/02/24
472,2310,505,0,0,mobile,0.513307985,270,06/02/24
15,123,16,0,0,tablet,0.375,6,06/02/24
239,2178,277,0,0,desktop,0.667711599,213,07/02/24
538,2887,567,0,0,mobile,0.496632997,295,07/02/24
28,148,30,0,0,tablet,0.548387097,17,07/02/24
280,2990,320,0,0,desktop,0.700549451,255,08/02/24
460,2408,491,0,0,mobile,0.47519084,249,08/02/24
1,3,1,0,0,smart tv,0,0,08/02/24
29,146,32,0,0,tablet,0.636363636,21,08/02/24
245,1961,280,0,0,desktop,0.601910828,189,09/02/24
431,2450,479,0,0,mobile,0.533596838,270,09/02/24
34,146,37,0,0,tablet,0.405405405,15,09/02/24
189,1581,218,0,0,desktop,0.64957265,152,10/02/24
516,3206,550,0,0,mobile,0.601724138,349,10/02/24
36,204,38,0,0,tablet,0.461538462,18,10/02/24
186,1326,214,0,0,desktop,0.53539823,121,11/02/24
411,2510,435,0,0,mobile,0.586956522,270,11/02/24
34,165,38,0,0,tablet,0.525,21,11/02/24
285,3101,332,0,0,desktop,0.664,249,12/02/24
394,2907,427,0,0,mobile,0.613390929,284,12/02/24
25,173,26,0,0,tablet,0.555555556,15,12/02/24
262,2669,312,0,0,desktop,0.645892351,228,13/02/24
428,2480,454,0,0,mobile,0.578093306,285,13/02/24
32,175,34,0,0,tablet,0.617647059,21,13/02/24
255,2782,300,0,0,desktop,0.712538226,233,14/02/24
361,2071,394,0,0,mobile,0.555825243,229,14/02/24
22,129,23,0,0,tablet,0.565217391,13,14/02/24
245,3245,293,0,0,desktop,0.702702703,234,15/02/24
356,2035,382,0,0,mobile,0.597014925,240,15/02/24
31,217,32,0,0,tablet,0.545454545,18,15/02/24
250,2063,300,0,0,desktop,0.56547619,190,16/02/24
399,2159,426,0,0,mobile,0.582589286,261,16/02/24
30,264,31,0,0,tablet,0.529411765,18,16/02/24
222,2128,242,0,0,desktop,0.636015326,166,17/02/24
501,3039,523,0,0,mobile,0.616513761,336,17/02/24
1,3,1,0,0,smart tv,0,0,17/02/24
38,345,42,0,0,tablet,0.511627907,22,17/02/24
199,1363,217,0,0,desktop,0.62173913,143,18/02/24
485,2934,518,0,0,mobile,0.631578947,348,18/02/24
38,164,41,0,0,tablet,0.414634146,17,18/02/24
290,2547,331,0,0,desktop,0.634666667,238,19/02/24
438,2768,465,0,0,mobile,0.639917695,311,19/02/24
35,200,38,0,0,tablet,0.56097561,23,19/02/24
279,2574,326,0,0,desktop,0.64902507,233,20/02/24
424,2483,465,0,0,mobile,0.587268994,286,20/02/24
26,129,30,0,0,tablet,0.548387097,17,20/02/24
262,2316,303,0,0,desktop,0.689552239,231,21/02/24
435,2527,471,0,0,mobile,0.559760956,281,21/02/24
40,222,43,0,0,tablet,0.586956522,27,21/02/24
298,2436,338,0,0,desktop,0.652631579,248,22/02/24
401,2545,429,0,0,mobile,0.554585153,254,22/02/24
24,112,27,0,0,tablet,0.428571429,12,22/02/24
233,2745,288,0,0,desktop,0.671641791,225,23/02/24
434,2650,473,0,0,mobile,0.531746032,268,23/02/24
27,170,28,0,0,tablet,0.551724138,16,23/02/24
223,2183,249,0,0,desktop,0.681318681,186,24/02/24
596,3317,644,0,0,mobile,0.524709302,361,24/02/24
33,253,34,0,0,tablet,0.583333333,21,24/02/24
207,2004,236,0,0,desktop,0.646153846,168,25/02/24
593,3486,637,0,0,mobile,0.539027982,366,25/02/24
31,185,35,0,0,tablet,0.628571429,22,25/02/24
284,2953,345,0,0,desktop,0.669172932,267,26/02/24
481,2853,516,0,0,mobile,0.589605735,329,26/02/24
24,127,26,0,0,tablet,0.769230769,20,26/02/24
341,5372,397,0,0,desktop,0.717333333,269,27/02/24
380,2249,414,0,0,mobile,0.529017857,237,27/02/24
28,154,30,0,0,tablet,0.625,20,27/02/24
237,2588,279,0,0,desktop,0.671686747,223,28/02/24
400,3012,441,0,0,mobile,0.583162218,284,28/02/24
25,144,28,0,0,tablet,0.612903226,19,28/02/24
281,3298,338,0,0,desktop,0.644278607,259,29/02/24
448,2806,497,0,0,mobile,0.543956044,297,29/02/24
33,314,37,0,0,tablet,0.775,31,29/02/24
218,2300,272,0,0,desktop,0.676282051,211,01/03/24
388,2516,435,0,0,mobile,0.539915966,257,01/03/24
26,214,29,0,0,tablet,0.709677419,22,01/03/24
201,2032,244,0,0,desktop,0.630597015,169,02/03/24
539,3235,596,0,0,mobile,0.529680365,348,02/03/24
1,3,1,0,0,smart tv,0,0,02/03/24
44,290,50,0,0,tablet,0.5,27,02/03/24
194,1982,226,0,0,desktop,0.673387097,167,03/03/24
557,3204,618,0,0,mobile,0.571428571,384,03/03/24
26,191,31,0,0,tablet,0.647058824,22,03/03/24
287,3239,346,0,0,desktop,0.646039604,261,04/03/24
497,2931,548,0,0,mobile,0.520868114,312,04/03/24
34,263,35,0,0,tablet,0.6,21,04/03/24
224,2396,275,0,0,desktop,0.657575758,217,05/03/24
367,2241,412,0,0,mobile,0.48812095,226,05/03/24
22,181,26,0,0,tablet,0.586206897,17,05/03/24
224,2613,271,0,0,desktop,0.715654952,224,06/03/24
339,1922,377,0,0,mobile,0.523341523,213,06/03/24
29,164,32,0,0,tablet,0.5,17,06/03/24
179,2268,232,0,0,desktop,0.684210526,195,07/03/24
283,1814,334,0,0,mobile,0.484764543,175,07/03/24
21,201,30,0,0,tablet,0.588235294,20,07/03/24
158,2245,212,0,0,desktop,0.637795276,162,08/03/24
301,1825,333,0,0,mobile,0.518817204,193,08/03/24
13,62,15,0,0,tablet,0.466666667,7,08/03/24
142,1301,159,0,0,desktop,0.68,119,09/03/24
368,2346,407,0,0,mobile,0.556792873,250,09/03/24
20,174,26,0,0,tablet,0.518518519,14,09/03/24
121,1201,137,0,0,desktop,0.713375796,112,10/03/24
345,2200,381,0,0,mobile,0.587804878,241,10/03/24
22,160,24,0,0,tablet,0.615384615,16,10/03/24
190,2391,245,0,0,desktop,0.732876712,214,11/03/24
294,1969,332,0,0,mobile,0.547683924,201,11/03/24
26,295,30,0,0,tablet,0.53125,17,11/03/24
146,2070,203,0,0,desktop,0.66122449,162,12/03/24
239,1625,289,0,0,mobile,0.496987952,165,12/03/24
21,330,27,0,0,tablet,0.5,14,12/03/24
152,1847,188,0,0,desktop,0.668181818,147,13/03/24
240,1553,269,0,0,mobile,0.482993197,142,13/03/24
20,146,24,0,0,tablet,0.5,13,13/03/24
147,1719,183,0,0,desktop,0.633333333,133,14/03/24
251,1571,286,0,0,mobile,0.549839228,171,14/03/24
18,253,24,0,0,tablet,0.576923077,15,14/03/24
142,1786,182,0,0,desktop,0.640776699,132,15/03/24
258,1688,295,0,0,mobile,0.484939759,161,15/03/24
17,135,24,0,0,tablet,0.4,10,15/03/24
104,1095,127,0,0,desktop,0.700729927,96,16/03/24
283,1793,312,0,0,mobile,0.566765579,191,16/03/24
1,4,1,0,0,smart tv,1,1,16/03/24
31,260,35,0,0,tablet,0.475,19,16/03/24
113,1082,137,0,0,desktop,0.632911392,100,17/03/24
261,1598,278,0,0,mobile,0.535836177,157,17/03/24
22,184,23,0,0,tablet,0.52,13,17/03/24
200,2786,249,0,0,desktop,0.716666667,215,18/03/24
266,2005,302,0,0,mobile,0.554896142,187,18/03/24
16,97,21,0,0,tablet,0.380952381,8,18/03/24
165,2149,205,0,0,desktop,0.76419214,175,19/03/24
232,1445,260,0,0,mobile,0.584837545,162,19/03/24
27,203,31,0,0,tablet,0.416666667,15,19/03/24
168,1863,214,0,0,desktop,0.665354331,169,20/03/24
248,1621,283,0,0,mobile,0.481967213,147,20/03/24
15,114,18,0,0,tablet,0.578947368,11,20/03/24
180,2366,233,0,0,desktop,0.661870504,184,21/03/24
220,1733,258,0,0,mobile,0.567010309,165,21/03/24
15,109,16,0,0,tablet,0.473684211,9,21/03/24
243,2853,297,0,0,desktop,0.593495935,219,22/03/24
225,1864,273,0,0,mobile,0.550819672,168,22/03/24
10,95,15,0,0,tablet,0.611111111,11,22/03/24
141,1612,173,0,0,desktop,0.630541872,128,23/03/24
305,2142,355,0,0,mobile,0.567839196,226,23/03/24
16,98,20,0,0,tablet,0.55,11,23/03/24
151,1723,183,0,0,desktop,0.671428571,141,24/03/24
254,1892,291,0,0,mobile,0.536050157,171,24/03/24
17,117,20,0,0,tablet,0.45,9,24/03/24
175,2318,238,0,0,desktop,0.659793814,192,25/03/24
243,1842,290,0,0,mobile,0.567901235,184,25/03/24
14,254,18,0,0,tablet,0.695652174,16,25/03/24
166,2345,217,0,0,desktop,0.713740458,187,26/03/24
194,1256,224,0,0,mobile,0.542857143,133,26/03/24
11,310,12,0,0,tablet,0.769230769,10,26/03/24
152,1996,208,0,0,desktop,0.576763485,139,27/03/24
181,1382,220,0,0,mobile,0.545064378,127,27/03/24
18,132,19,0,0,tablet,0.583333333,14,27/03/24
142,1732,185,0,0,desktop,0.669811321,142,28/03/24
227,1683,262,0,0,mobile,0.597972973,177,28/03/24
17,96,17,0,0,tablet,0.555555556,10,28/03/24
143,1554,179,0,0,desktop,0.671641791,135,29/03/24
222,1450,256,0,0,mobile,0.625454545,172,29/03/24
18,102,20,0,0,tablet,0.5,10,29/03/24
130,1227,147,0,0,desktop,0.65,104,30/03/24
296,1852,324,0,0,mobile,0.630681818,222,30/03/24
18,179,20,0,0,tablet,0.5,10,30/03/24
108,1280,127,0,0,desktop,0.654929577,93,31/03/24
250,1704,279,0,0,mobile,0.616393443,188,31/03/24
11,90,12,0,0,tablet,0.583333333,7,31/03/24
194,2863,241,0,0,desktop,0.668789809,210,01/04/24
303,2086,346,0,0,mobile,0.552083333,212,01/04/24
23,124,25,0,0,tablet,0.52,13,01/04/24
239,3094,296,0,0,desktop,0.676630435,249,02/04/24
258,1896,296,0,0,mobile,0.608562691,199,02/04/24
7,44,10,0,0,tablet,0.416666667,5,02/04/24
202,2880,262,0,0,desktop,0.6875,231,03/04/24
307,1997,339,0,0,mobile,0.552910053,209,03/04/24
13,86,18,0,0,tablet,0.473684211,9,03/04/24
208,2269,254,0,0,desktop,0.654605263,199,04/04/24
287,1933,333,0,0,mobile,0.534626039,193,04/04/24
21,237,24,0,0,tablet,0.64,16,04/04/24
180,1877,228,0,0,desktop,0.588679245,156,05/04/24
286,1882,327,0,0,mobile,0.6,216,05/04/24
17,125,18,0,0,tablet,0.5,9,05/04/24
170,2005,207,0,0,desktop,0.580786026,133,06/04/24
369,2624,412,0,0,mobile,0.555314534,256,06/04/24
23,188,26,0,0,tablet,0.5,13,06/04/24
150,1588,191,0,0,desktop,0.574162679,120,07/04/24
348,2051,372,0,0,mobile,0.57960199,233,07/04/24
15,76,19,0,0,tablet,0.315789474,6,07/04/24
213,2542,257,0,0,desktop,0.663398693,203,08/04/24
289,1791,327,0,0,mobile,0.56056338,199,08/04/24
16,72,17,0,0,tablet,0.529411765,9,08/04/24
194,2165,243,0,0,desktop,0.658450704,187,09/04/24
282,1922,322,0,0,mobile,0.596638655,213,09/04/24
20,176,24,0,0,tablet,0.68,17,09/04/24
185,1934,229,0,0,desktop,0.675276753,183,10/04/24
266,1600,297,0,0,mobile,0.577380952,194,10/04/24
14,171,18,0,0,tablet,0.611111111,11,10/04/24
217,2599,271,0,0,desktop,0.699367089,221,11/04/24
341,1991,376,0,0,mobile,0.535545024,226,11/04/24
13,68,16,0,0,tablet,0.529411765,9,11/04/24
180,2049,225,0,0,desktop,0.706766917,188,12/04/24
294,1859,328,0,0,mobile,0.564738292,205,12/04/24
18,130,21,0,0,tablet,0.727272727,16,12/04/24
122,1356,148,0,0,desktop,0.715116279,123,13/04/24
382,2419,425,0,0,mobile,0.578616352,276,13/04/24
13,83,13,0,0,tablet,0.6875,11,13/04/24
146,1242,166,0,0,desktop,0.682795699,127,14/04/24
352,1843,386,0,0,mobile,0.563414634,231,14/04/24
17,164,18,0,0,tablet,0.68,17,14/04/24
220,2539,266,0,0,desktop,0.703470032,223,15/04/24
316,2164,353,0,0,mobile,0.621483376,243,15/04/24
18,134,21,0,0,tablet,0.68,17,15/04/24
213,2405,265,0,0,desktop,0.67192429,213,16/04/24
292,2074,334,0,0,mobile,0.600522193,230,16/04/24
20,134,23,0,0,tablet,0.56,14,16/04/24
207,3032,264,0,0,desktop,0.671826625,217,17/04/24
316,1900,342,0,0,mobile,0.585831063,215,17/04/24
15,137,17,0,0,tablet,0.588235294,10,17/04/24
202,2445,250,0,0,desktop,0.676375405,209,18/04/24
315,1953,345,0,0,mobile,0.523809524,198,18/04/24
12,94,15,0,0,tablet,0.5625,9,18/04/24
183,2000,232,0,0,desktop,0.685714286,192,19/04/24
324,2124,360,0,0,mobile,0.564231738,224,19/04/24
12,108,14,0,0,tablet,0.764705882,13,19/04/24
153,1907,183,0,0,desktop,0.701421801,148,20/04/24
382,2452,421,0,0,mobile,0.569892473,265,20/04/24
19,152,22,0,0,tablet,0.72,18,20/04/24
135,1356,169,0,0,desktop,0.614583333,118,21/04/24
353,2299,394,0,0,mobile,0.571095571,245,21/04/24
24,149,26,0,0,tablet,0.655172414,19,21/04/24
203,2262,240,0,0,desktop,0.717314488,203,22/04/24
309,2051,352,0,0,mobile,0.545454545,216,22/04/24
11,103,15,0,0,tablet,0.722222222,13,22/04/24
215,2389,266,0,0,desktop,0.71656051,225,23/04/24
327,1725,360,0,0,mobile,0.54025974,208,23/04/24
7,71,12,0,0,tablet,0.5,6,23/04/24
196,2192,250,0,0,desktop,0.655913978,183,24/04/24
282,1619,314,0,0,mobile,0.520114943,181,24/04/24
12,64,14,0,0,tablet,0.666666667,10,24/04/24
176,1767,228,0,0,desktop,0.681818182,180,25/04/24
348,2078,379,0,0,mobile,0.523227384,214,25/04/24
16,85,16,0,0,tablet,0.9375,15,25/04/24
170,2047,212,0,0,desktop,0.759036145,189,26/04/24
279,1755,320,0,0,mobile,0.574285714,201,26/04/24
1,4,1,0,0,smart tv,1,1,26/04/24
17,83,18,0,0,tablet,0.555555556,10,26/04/24
145,1629,182,0,0,desktop,0.695238095,146,27/04/24
379,2471,421,0,0,mobile,0.584745763,276,27/04/24
14,151,17,0,0,tablet,0.631578947,12,27/04/24
138,1712,170,0,0,desktop,0.68877551,135,28/04/24
394,2144,424,0,0,mobile,0.545258621,253,28/04/24
16,86,19,0,0,tablet,0.6,12,28/04/24
241,2086,281,0,0,desktop,0.662613982,218,29/04/24
364,2351,403,0,0,mobile,0.572062084,258,29/04/24
16,117,17,0,0,tablet,0.882352941,15,29/04/24
204,2261,253,0,0,desktop,0.710801394,204,30/04/24
357,2229,395,0,0,mobile,0.518930958,233,30/04/24
1,3,1,0,0,smart tv,0,0,30/04/24
16,110,17,0,0,tablet,0.45,9,30/04/24
180,1841,217,0,0,desktop,0.688715953,177,01/05/24
296,1725,325,0,0,mobile,0.546703297,199,01/05/24
8,44,9,0,0,tablet,0.636363636,7,01/05/24
161,1537,208,0,0,desktop,0.682730924,170,02/05/24
272,1748,307,0,0,mobile,0.530259366,184,02/05/24
15,86,17,0,0,tablet,0.5,9,02/05/24
188,2153,237,0,0,desktop,0.673684211,192,03/05/24
317,1791,347,0,0,mobile,0.581395349,225,03/05/24
17,114,18,0,0,tablet,0.666666667,12,03/05/24
103,939,118,0,0,desktop,0.702290076,92,04/05/24
342,2020,378,0,0,mobile,0.526442308,219,04/05/24
12,69,13,0,0,tablet,0.769230769,10,04/05/24
137,1478,164,0,0,desktop,0.698924731,130,05/05/24
374,2008,407,0,0,mobile,0.564920273,248,05/05/24
18,153,18,0,0,tablet,0.722222222,13,05/05/24
200,2150,248,0,0,desktop,0.676056338,192,06/05/24
308,1991,350,0,0,mobile,0.492146597,188,06/05/24
17,154,19,0,0,tablet,0.857142857,18,06/05/24
183,2040,238,0,0,desktop,0.665467626,185,07/05/24
332,2360,377,0,0,mobile,0.545023697,230,07/05/24
11,75,11,0,0,tablet,0.571428571,8,07/05/24
184,1832,232,0,0,desktop,0.652014652,178,08/05/24
350,2369,390,0,0,mobile,0.58041958,249,08/05/24
15,62,17,0,0,tablet,0.411764706,7,08/05/24
178,1901,247,0,0,desktop,0.647457627,191,09/05/24
402,2071,434,0,0,mobile,0.480603448,223,09/05/24
22,159,22,0,0,tablet,0.434782609,10,09/05/24
134,1334,170,0,0,desktop,0.663265306,130,10/05/24
395,1909,428,0,0,mobile,0.449888641,202,10/05/24
14,112,15,0,0,tablet,0.352941176,6,10/05/24
130,1199,158,0,0,desktop,0.674157303,120,11/05/24
455,2360,485,0,0,mobile,0.478927203,250,11/05/24
24,138,27,0,0,tablet,0.428571429,12,11/05/24
120,1321,143,0,0,desktop,0.725609756,119,12/05/24
406,2071,431,0,0,mobile,0.479302832,220,12/05/24
31,249,34,0,0,tablet,0.371428571,13,12/05/24
216,2082,261,0,0,desktop,0.731292517,215,13/05/24
428,2277,472,0,0,mobile,0.493256262,256,13/05/24
19,161,19,0,0,tablet,0.578947368,11,13/05/24
241,2650,294,0,0,desktop,0.700296736,236,14/05/24
334,1793,373,0,0,mobile,0.441102757,176,14/05/24
19,90,21,0,0,tablet,0.523809524,11,14/05/24
213,2307,263,0,0,desktop,0.652866242,205,15/05/24
400,2125,444,0,0,mobile,0.473794549,226,15/05/24
27,123,29,0,0,tablet,0.290322581,9,15/05/24
173,1647,210,0,0,desktop,0.651821862,161,16/05/24
381,1980,407,0,0,mobile,0.472850679,209,16/05/24
26,114,28,0,0,tablet,0.551724138,16,16/05/24
213,1971,258,0,0,desktop,0.657807309,198,17/05/24
407,1974,447,0,0,mobile,0.49044586,231,17/05/24
27,115,28,0,0,tablet,0.607142857,17,17/05/24
116,1437,140,0,0,desktop,0.715151515,118,18/05/24
456,2277,487,0,0,mobile,0.444656489,233,18/05/24
19,81,19,0,0,tablet,0.578947368,11,18/05/24
126,1055,144,0,0,desktop,0.75,114,19/05/24
420,2180,458,0,0,mobile,0.50712831,249,19/05/24
1,3,1,0,0,smart tv,0,0,19/05/24
26,148,28,0,0,tablet,0.516129032,16,19/05/24
148,1286,180,0,0,desktop,0.656410256,128,20/05/24
407,2266,448,0,0,mobile,0.467505241,223,20/05/24
23,157,24,0,0,tablet,0.541666667,13,20/05/24
200,1959,239,0,0,desktop,0.639575972,181,21/05/24
385,2206,424,0,0,mobile,0.513043478,236,21/05/24
13,87,14,0,0,tablet,0.5,8,21/05/24
181,1676,220,0,0,desktop,0.674418605,174,22/05/24
333,1864,359,0,0,mobile,0.550913838,211,22/05/24
1,3,1,0,0,smart tv,0,0,22/05/24
12,79,13,0,0,tablet,0.666666667,10,22/05/24
224,1974,258,0,0,desktop,0.696245734,204,23/05/24
351,1899,384,0,0,mobile,0.51536643,218,23/05/24
15,102,17,0,0,tablet,0.647058824,11,23/05/24
178,1997,219,0,0,desktop,0.648221344,164,24/05/24
297,1721,334,0,0,mobile,0.5,186,24/05/24
11,71,15,0,0,tablet,0.666666667,10,24/05/24
130,1329,151,0,0,desktop,0.698863636,123,25/05/24
399,2390,439,0,0,mobile,0.609243697,290,25/05/24
18,78,21,0,0,tablet,0.571428571,12,25/05/24
116,1327,141,0,0,desktop,0.696774194,108,26/05/24
382,2150,409,0,0,mobile,0.555555556,245,26/05/24
15,86,18,0,0,tablet,0.526315789,10,26/05/24
229,2448,273,0,0,desktop,0.717948718,224,27/05/24
388,2279,438,0,0,mobile,0.565957447,266,27/05/24
22,108,24,0,0,tablet,0.56,14,27/05/24
235,2384,283,0,0,desktop,0.695924765,222,28/05/24
400,2429,440,0,0,mobile,0.610169492,288,28/05/24
18,122,21,0,0,tablet,0.5,11,28/05/24
221,1910,269,0,0,desktop,0.668965517,194,29/05/24
414,2318,448,0,0,mobile,0.542168675,270,29/05/24
13,72,15,0,0,tablet,0.6,9,29/05/24
217,2035,275,0,0,desktop,0.683006536,209,30/05/24
353,1843,389,0,0,mobile,0.48,204,30/05/24
17,113,19,0,0,tablet,0.619047619,13,30/05/24
296,5053,332,0,0,desktop,0.699186992,172,31/05/24
342,1860,374,0,0,mobile,0.511278195,204,31/05/24
16,154,21,0,0,tablet,0.52,13,31/05/24
121,1177,143,0,0,desktop,0.735849057,117,01/06/24
360,1920,377,0,0,mobile,0.559701493,225,01/06/24
22,139,25,0,0,tablet,0.75,21,01/06/24
135,1213,153,0,0,desktop,0.729885057,127,02/06/24
401,1984,429,0,0,mobile,0.530434783,244,02/06/24
16,73,17,0,0,tablet,0.705882353,12,02/06/24
220,2016,253,0,0,desktop,0.684027778,197,03/06/24
425,2349,461,0,0,mobile,0.562372188,275,03/06/24
20,138,21,0,0,tablet,0.681818182,15,03/06/24
226,2116,271,0,0,desktop,0.71197411,220,04/06/24
414,2380,460,0,0,mobile,0.522540984,255,04/06/24
18,77,23,0,0,tablet,0.375,9,04/06/24
182,1770,225,0,0,desktop,0.71484375,183,05/06/24
392,2044,420,0,0,mobile,0.525727069,235,05/06/24
17,117,18,0,0,tablet,0.894736842,17,05/06/24
194,2098,242,0,0,desktop,0.721189591,194,06/06/24
369,2386,416,0,0,mobile,0.566079295,257,06/06/24
20,119,22,0,0,tablet,0.52173913,12,06/06/24
200,2229,246,0,0,desktop,0.688581315,199,07/06/24
358,2116,396,0,0,mobile,0.554272517,240,07/06/24
20,129,22,0,0,tablet,0.708333333,17,07/06/24
134,1392,154,0,0,desktop,0.718390805,125,08/06/24
373,2288,410,0,0,mobile,0.590604027,264,08/06/24
17,87,18,0,0,tablet,0.666666667,14,08/06/24
155,1345,180,0,0,desktop,0.71,142,09/06/24
432,2509,462,0,0,mobile,0.60483871,300,09/06/24
26,115,26,0,0,tablet,0.777777778,21,09/06/24
251,2381,307,0,0,desktop,0.647540984,237,10/06/24
379,2105,414,0,0,mobile,0.513978495,239,10/06/24
14,88,15,0,0,tablet,0.75,12,10/06/24
204,2611,262,0,0,desktop,0.661237785,203,11/06/24
361,2306,405,0,0,mobile,0.59030837,268,11/06/24
16,97,18,0,0,tablet,0.631578947,12,11/06/24
205,2117,251,0,0,desktop,0.658536585,189,12/06/24
360,1920,386,0,0,mobile,0.545238095,229,12/06/24
1,4,1,0,0,smart tv,1,1,12/06/24
14,94,16,0,0,tablet,0.647058824,11,12/06/24
195,2036,246,0,0,desktop,0.646853147,185,13/06/24
328,1869,365,0,0,mobile,0.539240506,213,13/06/24
15,98,18,0,0,tablet,0.722222222,13,13/06/24
155,1719,194,0,0,desktop,0.681034483,158,14/06/24
351,1915,385,0,0,mobile,0.531615925,227,14/06/24
10,73,12,0,0,tablet,0.846153846,11,14/06/24
117,1190,136,0,0,desktop,0.738255034,110,15/06/24
367,2073,403,0,0,mobile,0.569160998,251,15/06/24
8,98,10,0,0,tablet,0.75,9,15/06/24
125,1564,158,0,0,desktop,0.702857143,123,16/06/24
321,1813,347,0,0,mobile,0.548812665,208,16/06/24
22,134,23,0,0,tablet,0.76,19,16/06/24
226,2026,261,0,0,desktop,0.663299663,197,17/06/24
342,1872,383,0,0,mobile,0.546511628,235,17/06/24
16,185,20,0,0,tablet,0.727272727,16,17/06/24
185,1622,227,0,0,desktop,0.725490196,185,18/06/24
338,2023,376,0,0,mobile,0.556097561,228,18/06/24
19,138,20,0,0,tablet,0.65,13,18/06/24
211,1817,259,0,0,desktop,0.638513514,189,19/06/24
346,2075,385,0,0,mobile,0.488372093,210,19/06/24
18,121,21,0,0,tablet,0.545454545,12,19/06/24
206,1667,243,0,0,desktop,0.692883895,185,20/06/24
340,1795,376,0,0,mobile,0.491566265,204,20/06/24
14,135,18,0,0,tablet,0.736842105,14,20/06/24
213,2014,245,0,0,desktop,0.689285714,193,21/06/24
380,2273,401,0,0,mobile,0.5,225,21/06/24
15,67,15,0,0,tablet,0.533333333,8,21/06/24
137,1315,166,0,0,desktop,0.659685864,126,22/06/24
404,2193,427,0,0,mobile,0.543710021,255,22/06/24
19,143,21,0,0,tablet,0.727272727,16,22/06/24
172,1467,198,0,0,desktop,0.731481481,158,23/06/24
403,2434,441,0,0,mobile,0.588842975,285,23/06/24
25,149,27,0,0,tablet,0.607142857,17,23/06/24
216,2283,276,0,0,desktop,0.675840979,221,24/06/24
330,1863,367,0,0,mobile,0.5125,205,24/06/24
19,129,20,0,0,tablet,0.681818182,15,24/06/24
204,1896,243,0,0,desktop,0.611888112,175,25/06/24
365,1857,401,0,0,mobile,0.509174312,222,25/06/24
19,128,19,0,0,tablet,0.666666667,14,25/06/24
204,1994,249,0,0,desktop,0.670103093,195,26/06/24
337,2219,380,0,0,mobile,0.494089835,209,26/06/24
20,82,21,0,0,tablet,0.523809524,11,26/06/24
174,2119,219,0,0,desktop,0.696969697,184,27/06/24
346,1878,385,0,0,mobile,0.503579952,211,27/06/24
19,280,23,0,0,tablet,0.655172414,19,27/06/24
175,1888,218,0,0,desktop,0.6875,176,28/06/24
303,1626,340,0,0,mobile,0.414893617,156,28/06/24
22,160,24,0,0,tablet,0.708333333,17,28/06/24
115,1097,131,0,0,desktop,0.710526316,108,29/06/24
416,2256,442,0,0,mobile,0.526422764,259,29/06/24
15,114,19,0,0,tablet,0.619047619,13,29/06/24
122,1015,149,0,0,desktop,0.666666667,108,30/06/24
353,1957,380,0,0,mobile,0.476190476,200,30/06/24
11,72,12,0,0,tablet,0.692307692,9,30/06/24
145,1547,167,0,0,desktop,0.656084656,124,01/07/24
330,1680,360,0,0,mobile,0.515544041,199,01/07/24
17,75,17,0,0,tablet,0.588235294,10,01/07/24
226,2230,275,0,0,desktop,0.70977918,225,02/07/24
392,2223,424,0,0,mobile,0.537154989,253,02/07/24
20,146,21,0,0,tablet,0.68,17,02/07/24
224,2661,275,0,0,desktop,0.691823899,220,03/07/24
366,2284,402,0,0,mobile,0.524886878,232,03/07/24
23,149,26,0,0,tablet,0.5,15,03/07/24
185,1826,231,0,0,desktop,0.71484375,183,04/07/24
340,2017,369,0,0,mobile,0.486075949,192,04/07/24
16,100,22,0,0,tablet,0.458333333,11,04/07/24
206,2102,240,0,0,desktop,0.657142857,184,05/07/24
351,2063,393,0,0,mobile,0.516629712,233,05/07/24
18,107,20,0,0,tablet,0.619047619,13,05/07/24
130,1293,159,0,0,desktop,0.720930233,124,06/07/24
394,2532,433,0,0,mobile,0.537037037,261,06/07/24
8,54,11,0,0,tablet,0.727272727,8,06/07/24
124,1324,149,0,0,desktop,0.776397516,125,07/07/24
419,2347,456,0,0,mobile,0.496957404,245,07/07/24
13,63,13,0,0,tablet,0.642857143,9,07/07/24
239,2692,300,0,0,desktop,0.679525223,229,08/07/24
402,2696,446,0,0,mobile,0.554878049,273,08/07/24
15,188,19,0,0,tablet,0.75,15,08/07/24
203,1789,247,0,0,desktop,0.644128114,181,09/07/24
428,2493,462,0,0,mobile,0.489151874,248,09/07/24
16,72,19,0,0,tablet,0.631578947,12,09/07/24
216,2004,260,0,0,desktop,0.702341137,210,10/07/24
367,2267,414,0,0,mobile,0.50547046,231,10/07/24
25,126,28,0,0,tablet,0.517241379,15,10/07/24
221,2470,271,0,0,desktop,0.66984127,211,11/07/24
395,2314,426,0,0,mobile,0.556485356,266,11/07/24
10,61,14,0,0,tablet,0.733333333,11,11/07/24
187,1890,222,0,0,desktop,0.672,168,12/07/24
339,2305,374,0,0,mobile,0.530232558,228,12/07/24
24,106,25,0,0,tablet,0.62962963,17,12/07/24
129,1188,151,0,0,desktop,0.691358025,112,13/07/24
389,2163,428,0,0,mobile,0.501066098,235,13/07/24
21,188,22,0,0,tablet,0.739130435,17,13/07/24
117,1161,140,0,0,desktop,0.718120805,107,14/07/24
371,1972,400,0,0,mobile,0.515151515,221,14/07/24
11,72,12,0,0,tablet,0.75,9,14/07/24
248,2800,305,0,0,desktop,0.672222222,242,15/07/24
344,1976,381,0,0,mobile,0.522248244,223,15/07/24
16,89,17,0,0,tablet,0.555555556,10,15/07/24
222,2345,271,0,0,desktop,0.67721519,214,16/07/24
364,2032,396,0,0,mobile,0.538461538,231,16/07/24
17,95,19,0,0,tablet,0.428571429,9,16/07/24
216,2248,264,0,0,desktop,0.682432432,202,17/07/24
372,2299,399,0,0,mobile,0.510158014,226,17/07/24
20,191,23,0,0,tablet,0.625,15,17/07/24
192,1839,234,0,0,desktop,0.687732342,185,18/07/24
389,2368,436,0,0,mobile,0.510504202,243,18/07/24
20,118,22,0,0,tablet,0.652173913,15,18/07/24
157,1363,183,0,0,desktop,0.710784314,145,19/07/24
364,2093,385,0,0,mobile,0.538834951,222,19/07/24
13,114,15,0,0,tablet,0.5625,9,19/07/24
127,1112,149,0,0,desktop,0.689440994,111,20/07/24
410,2181,452,0,0,mobile,0.472332016,239,20/07/24
9,84,10,0,0,tablet,0.818181818,9,20/07/24
130,1265,147,0,0,desktop,0.74375,119,21/07/24
410,2471,452,0,0,mobile,0.497029703,251,21/07/24
21,161,23,0,0,tablet,0.615384615,16,21/07/24
222,2321,278,0,0,desktop,0.677018634,218,22/07/24
418,2400,463,0,0,mobile,0.473684211,243,22/07/24
1,10,1,0,0,smart tv,1,1,22/07/24
11,58,14,0,0,tablet,0.466666667,7,22/07/24
229,2531,273,0,0,desktop,0.711711712,237,23/07/24
364,2174,405,0,0,mobile,0.513761468,224,23/07/24
23,146,26,0,0,tablet,0.692307692,18,23/07/24
210,2186,258,0,0,desktop,0.69205298,209,24/07/24
358,2418,416,0,0,mobile,0.520430108,242,24/07/24
0,7,1,0,0,smart tv,1,1,24/07/24
27,115,27,0,0,tablet,0.703703704,19,24/07/24
147,1948,211,0,0,desktop,0.358649789,85,25/07/24
224,1413,272,0,0,mobile,0.210702341,63,25/07/24
5,49,8,0,0,tablet,0.444444444,4,25/07/24