"date","property_id","active7dayusers","_airbyte_raw_id","_airbyte_extracted_at","_airbyte_meta","formatted_date"
"20230630","353783484",402,abd8c473-497c-4654-a962-8f12c5d0e64a,"2024-07-26 10:46:41.858000","{""changes"": []}","2023-06-30"
"20230701","353783484",824,"42583495-7f8a-473c-81bc-1f8b3283ac7c","2024-07-26 10:46:42.287000","{""changes"": []}","2023-07-01"
"20230702","353783484",1281,"8b900e52-6dba-4160-ba21-db8561013fea","2024-07-26 10:46:42.685000","{""changes"": []}","2023-07-02"
"20230703","353783484",1850,a3141dee-7afc-4161-b698-792779bdc527,"2024-07-26 10:46:43.078000","{""changes"": []}","2023-07-03"
"20230704","353783484",2440,f2c0f9f6-858e-46c8-aaab-0bc61e3873f5,"2024-07-26 10:46:43.579000","{""changes"": []}","2023-07-04"
"20230705","353783484",3009,ec57c56b-061e-4326-9f37-33194a41d892,"2024-07-26 10:46:43.995000","{""changes"": []}","2023-07-05"
"20230706","353783484",3552,"03830862-6904-4773-b4bb-89ebe671e74a","2024-07-26 10:46:44.450000","{""changes"": []}","2023-07-06"
"20230707","353783484",3653,"71f4e372-fc03-4df9-965d-b86c5dcc95b1","2024-07-26 10:46:44.890000","{""changes"": []}","2023-07-07"
"20230708","353783484",3704,"064553d4-8e05-4e5f-97f6-5da2b9a9815d","2024-07-26 10:46:45.411000","{""changes"": []}","2023-07-08"
"20230709","353783484",3713,"6dd4da53-112f-4345-99d5-39b98df86c18","2024-07-26 10:46:45.814000","{""changes"": []}","2023-07-09"
"20230710","353783484",3762,"1e79e12c-17e8-44ec-98c7-a3796d16752f","2024-07-26 10:46:46.340000","{""changes"": []}","2023-07-10"
"20230711","353783484",3727,fd8651d0-1dbf-4c52-a47d-c90adf5555a0,"2024-07-26 10:46:46.773000","{""changes"": []}","2023-07-11"
"20230712","353783484",3715,af95c5d6-b0ea-44c0-a931-c7894a1ea980,"2024-07-26 10:46:47.175000","{""changes"": []}","2023-07-12"
"20230713","353783484",3701,f26f5069-c0d3-4721-8bc4-24514a9dc8d9,"2024-07-26 10:46:47.579000","{""changes"": []}","2023-07-13"
"20230714","353783484",3735,"6adf6f78-b1fb-4171-a63c-1b56a872f40a","2024-07-26 10:46:48.004000","{""changes"": []}","2023-07-14"
"20230715","353783484",3788,"1eae650c-204a-4347-b8d6-b35e2862225b","2024-07-26 10:46:48.469000","{""changes"": []}","2023-07-15"
"20230716","353783484",3797,f4fb2f28-11a5-43be-a4d1-63ced7cb3c96,"2024-07-26 10:46:48.885000","{""changes"": []}","2023-07-16"
"20230717","353783484",3789,"1abbce2b-3601-404f-b32f-5cf16d06f1ee","2024-07-26 10:46:49.399000","{""changes"": []}","2023-07-17"
"20230718","353783484",3774,e497f450-b8a5-4910-aece-ae28e8eb4ff9,"2024-07-26 10:46:49.812000","{""changes"": []}","2023-07-18"
"20230719","353783484",3737,d0806e08-342a-4203-9ae6-50647aeeabc9,"2024-07-26 10:46:50.295000","{""changes"": []}","2023-07-19"
"20230720","353783484",3683,"188400c5-182f-4f55-a063-acd389d0867d","2024-07-26 10:46:50.721000","{""changes"": []}","2023-07-20"
"20230721","353783484",3629,"35d1a315-986e-49e4-8a93-898da38d085e","2024-07-26 10:46:51.205000","{""changes"": []}","2023-07-21"
"20230722","353783484",3560,"4219805e-0139-4618-8736-599c1c0cee40","2024-07-26 10:46:51.636000","{""changes"": []}","2023-07-22"
"20230723","353783484",3557,a47a4a58-5e93-4f66-80fb-4f9ba6c60ac0,"2024-07-26 10:46:52.044000","{""changes"": []}","2023-07-23"
"20230724","353783484",3486,"07d0dc9c-6953-41c6-a21f-b2e810e486bb","2024-07-26 10:46:52.567000","{""changes"": []}","2023-07-24"
"20230725","353783484",3474,"57450fd7-8118-4681-a449-4b6e355c36f0","2024-07-26 10:46:52.992000","{""changes"": []}","2023-07-25"
"20230726","353783484",3466,ee1a5ccc-10b2-47a5-b320-801df990f8cd,"2024-07-26 10:46:53.412000","{""changes"": []}","2023-07-26"
"20230727","353783484",3474,"29acd302-e9b5-45a2-91ba-875fbea35aff","2024-07-26 10:46:53.880000","{""changes"": []}","2023-07-27"
"20230728","353783484",3448,"327de001-7abe-498e-89cf-6c2969c172d4","2024-07-26 10:46:54.295000","{""changes"": []}","2023-07-28"
"20230729","353783484",3522,b5514f6e-0314-4643-a9e1-0961691c101e,"2024-07-26 10:46:54.785000","{""changes"": []}","2023-07-29"
"20230730","353783484",3499,"288e385e-7982-49d1-b5b8-cca41f75a791","2024-07-26 10:46:55.376000","{""changes"": []}","2023-07-30"
"20230731","353783484",3526,c349200d-7f38-495f-a2a7-a181bcab4072,"2024-07-26 10:46:55.880000","{""changes"": []}","2023-07-31"
"20230801","353783484",3544,bfa2cacc-50cd-4f6f-9c4c-1ce7df1830d0,"2024-07-26 10:46:56.482000","{""changes"": []}","2023-08-01"
"20230802","353783484",3546,c239c3e3-5040-491d-ab00-2c884f20dff0,"2024-07-26 10:46:56.988000","{""changes"": []}","2023-08-02"
"20230803","353783484",3536,"706f08e5-6d6f-4d10-88e9-2ced282baa05","2024-07-26 10:46:57.477000","{""changes"": []}","2023-08-03"
"20230804","353783484",3587,ac2e2440-7d8f-405b-94f6-4ce6be04fd83,"2024-07-26 10:46:57.882000","{""changes"": []}","2023-08-04"
"20230805","353783484",3514,ab80b903-9dfc-4034-9104-002fc7547bc3,"2024-07-26 10:46:58.335000","{""changes"": []}","2023-08-05"
"20230806","353783484",3458,"4a618cc9-954a-49d1-860b-b4ba8140e925","2024-07-26 10:46:58.828000","{""changes"": []}","2023-08-06"
"20230807","353783484",3377,"0c344bad-fcd1-4d5d-972c-e96cad22f508","2024-07-26 10:46:59.313000","{""changes"": []}","2023-08-07"
"20230808","353783484",3344,d6c59b04-dbcc-4647-a0a6-1e2df14c3c67,"2024-07-26 10:46:59.765000","{""changes"": []}","2023-08-08"
"20230809","353783484",3293,"16162784-883c-4680-a93a-d48960ec39fe","2024-07-26 10:47:00.217000","{""changes"": []}","2023-08-09"
"20230810","353783484",3288,"31a867db-3552-42e6-a8ee-1703f972bd28","2024-07-26 10:47:00.767000","{""changes"": []}","2023-08-10"
"20230811","353783484",3236,"5debd4d7-36bc-4edc-ab8e-b73a8feacfd0","2024-07-26 10:47:01.189000","{""changes"": []}","2023-08-11"
"20230812","353783484",3231,f5cfceb4-2c47-4b72-b674-085ebaffcc33,"2024-07-26 10:47:01.673000","{""changes"": []}","2023-08-12"
"20230813","353783484",3276,"896df8cc-9325-4019-a4f3-970c6db2e954","2024-07-26 10:47:02.080000","{""changes"": []}","2023-08-13"
"20230814","353783484",3314,b4633d10-b99a-4e68-8673-2c61196b91b8,"2024-07-26 10:47:02.487000","{""changes"": []}","2023-08-14"
"20230815","353783484",3343,"3b8f2f0a-0683-4114-bf30-fcc348cb5c32","2024-07-26 10:47:02.929000","{""changes"": []}","2023-08-15"
"20230816","353783484",3324,"383870a1-3baa-4d56-a539-63a40bae2f21","2024-07-26 10:47:03.398000","{""changes"": []}","2023-08-16"
"20230817","353783484",3263,"9bc296be-7801-4517-b586-0665c25cea18","2024-07-26 10:47:03.855000","{""changes"": []}","2023-08-17"
"20230818","353783484",3308,"4429ba6f-a4de-46ae-85a8-b09a6655c7f1","2024-07-26 10:47:04.267000","{""changes"": []}","2023-08-18"
"20230819","353783484",3303,effdb3ed-897f-455f-8f0d-ff0f57952c35,"2024-07-26 10:47:04.722000","{""changes"": []}","2023-08-19"
"20230820","353783484",3289,be2bfa10-d1a0-4e4a-9421-9ca08f49223d,"2024-07-26 10:47:05.121000","{""changes"": []}","2023-08-20"
"20230821","353783484",3254,beee181f-0bc2-47d6-885a-6a68d3390cf3,"2024-07-26 10:47:05.517000","{""changes"": []}","2023-08-21"
"20230822","353783484",3174,ca6c6d94-9705-47f2-8622-9d7cd4aaaa1f,"2024-07-26 10:47:05.980000","{""changes"": []}","2023-08-22"
"20230823","353783484",3176,d9090c3c-d907-44db-b12e-cb67e08fb9c9,"2024-07-26 10:47:06.375000","{""changes"": []}","2023-08-23"
"20230824","353783484",3235,"6e7f5cec-1a61-4e2c-b663-c41dbd61abb9","2024-07-26 10:47:06.767000","{""changes"": []}","2023-08-24"
"20230825","353783484",3238,"521c4e72-024d-47cf-b4e4-5bbea3e3ef04","2024-07-26 10:47:07.217000","{""changes"": []}","2023-08-25"
"20230826","353783484",3293,a88caa30-0598-4bfe-8293-3b2355ec891b,"2024-07-26 10:47:07.686000","{""changes"": []}","2023-08-26"
"20230827","353783484",3317,c7360527-d16a-4527-a325-dc67d053a96d,"2024-07-26 10:47:08.106000","{""changes"": []}","2023-08-27"
"20230828","353783484",3407,"91135886-17bf-41a3-a195-c53b172701d8","2024-07-26 10:47:08.532000","{""changes"": []}","2023-08-28"
"20230829","353783484",3438,b1896067-e26a-4318-adfe-b4a421bdcaea,"2024-07-26 10:47:08.968000","{""changes"": []}","2023-08-29"
"20230830","353783484",3459,ccbaab46-160e-4d71-88fa-85741d94880e,"2024-07-26 10:47:09.408000","{""changes"": []}","2023-08-30"
"20230831","353783484",3454,"3bbbe913-0b76-4c2f-a17a-6230ed47cd30","2024-07-26 10:47:09.915000","{""changes"": []}","2023-08-31"
"20230901","353783484",3385,c7db6315-65fe-474d-9002-0fbca27598e3,"2024-07-26 10:47:10.443000","{""changes"": []}","2023-09-01"
"20230902","353783484",3342,"1632581b-0c2d-425c-a981-cff18807bcf0","2024-07-26 10:47:10.891000","{""changes"": []}","2023-09-02"
"20230903","353783484",3298,"9a2c6d63-e3f7-4f0a-8aa7-d82bb0718777","2024-07-26 10:47:11.311000","{""changes"": []}","2023-09-03"
"20230904","353783484",3222,e8735b5c-e5d0-4cac-8bad-5caf75646aba,"2024-07-26 10:47:11.735000","{""changes"": []}","2023-09-04"
"20230905","353783484",3290,"23c63f51-2f3c-4ff8-b5de-b0079f570382","2024-07-26 10:47:12.205000","{""changes"": []}","2023-09-05"
"20230906","353783484",3327,"5cda0182-7dd6-44c6-a5df-4558665d9376","2024-07-26 10:47:12.670000","{""changes"": []}","2023-09-06"
"20230907","353783484",3395,ed7e76e4-1232-445e-a5e4-947b8bd355b9,"2024-07-26 10:47:13.151000","{""changes"": []}","2023-09-07"
"20230908","353783484",3405,"710cdf96-7782-4dc2-aae3-6fca6d434109","2024-07-26 10:47:13.622000","{""changes"": []}","2023-09-08"
"20230909","353783484",3492,"01200a95-20c2-462e-a7fa-e05451678c87","2024-07-26 10:47:14.076000","{""changes"": []}","2023-09-09"
"20230910","353783484",3571,"8a0ab84f-0901-44b0-849e-c89f5f7871a0","2024-07-26 10:47:14.480000","{""changes"": []}","2023-09-10"
"20230911","353783484",3622,f5c6c88c-f2a9-4a34-882d-0943d23a1b0d,"2024-07-26 10:47:14.889000","{""changes"": []}","2023-09-11"
"20230912","353783484",3603,"95979be6-522a-456b-933d-6f164b16f6e7","2024-07-26 10:47:15.324000","{""changes"": []}","2023-09-12"
"20230913","353783484",3589,"3ef0b001-ab51-4c20-84b0-bfb25e2fa4c0","2024-07-26 10:47:15.838000","{""changes"": []}","2023-09-13"
"20230914","353783484",3552,"46bd6a68-1bf1-4ab0-ac33-ff16fc93b8ea","2024-07-26 10:47:16.336000","{""changes"": []}","2023-09-14"
"20230915","353783484",3556,ee0efdf3-b137-4bb4-8bea-d5a4075b5a1f,"2024-07-26 10:47:16.818000","{""changes"": []}","2023-09-15"
"20230916","353783484",3478,a27d3658-7122-48a2-ae40-a755661b8465,"2024-07-26 10:47:17.342000","{""changes"": []}","2023-09-16"
"20230917","353783484",3467,"11a59a7e-0c7c-4c48-8782-56678b8abea4","2024-07-26 10:47:17.752000","{""changes"": []}","2023-09-17"
"20230918","353783484",3464,fc777a70-4a33-4aa5-9259-b3d55746e03e,"2024-07-26 10:47:18.179000","{""changes"": []}","2023-09-18"
"20230919","353783484",3480,"4d4b9448-7b90-437c-9cc7-7db44a767f12","2024-07-26 10:47:18.611000","{""changes"": []}","2023-09-19"
"20230920","353783484",3473,"389a21b1-fb5f-487f-83ee-b875b2e4d41a","2024-07-26 10:47:19.056000","{""changes"": []}","2023-09-20"
"20230921","353783484",3470,"1d503892-24fe-4bdf-b205-ba2852e53c35","2024-07-26 10:47:19.484000","{""changes"": []}","2023-09-21"
"20230922","353783484",3502,"84436cc9-4e25-4644-8431-11771955d5f0","2024-07-26 10:47:19.918000","{""changes"": []}","2023-09-22"
"20230923","353783484",3568,"182280e1-b627-48f5-9f68-d3a27a712c41","2024-07-26 10:47:20.348000","{""changes"": []}","2023-09-23"
"20230924","353783484",3615,"0a1ca720-5b82-43f5-a4dc-ce112786d370","2024-07-26 10:47:20.786000","{""changes"": []}","2023-09-24"
"20230925","353783484",3675,e51d1583-16db-4771-bac5-dbca48cdd865,"2024-07-26 10:47:21.303000","{""changes"": []}","2023-09-25"
"20230926","353783484",3685,"59aeba16-d3ac-4c7c-aa80-6c93ed74523a","2024-07-26 10:47:21.768000","{""changes"": []}","2023-09-26"
"20230927","353783484",3686,d26fe98e-e7d9-4d44-abfb-b9a85b242b6a,"2024-07-26 10:47:22.232000","{""changes"": []}","2023-09-27"
"20230928","353783484",3700,"903d8594-1583-446f-905d-1e1efbf800f9","2024-07-26 10:47:22.669000","{""changes"": []}","2023-09-28"
"20230929","353783484",3711,"37bf397a-50cf-4baa-a547-9bc17478982e","2024-07-26 10:47:23.088000","{""changes"": []}","2023-09-29"
"20230930","353783484",3710,c5c1e957-c68e-48de-ab7e-cc73828cc8bd,"2024-07-26 10:47:23.515000","{""changes"": []}","2023-09-30"
"20231001","353783484",3678,"091ef243-f8fc-46c0-b179-38229bf1c8cc","2024-07-26 10:47:23.982000","{""changes"": []}","2023-10-01"
"20231002","353783484",3679,"056968b5-798d-4e55-b887-83a1c1b2d41b","2024-07-26 10:47:24.470000","{""changes"": []}","2023-10-02"
"20231003","353783484",3654,ca74b379-be59-42a2-987f-1016e85dc595,"2024-07-26 10:47:24.958000","{""changes"": []}","2023-10-03"
"20231004","353783484",3672,"3e4b3e1d-4377-464d-8d4a-6aecf9877486","2024-07-26 10:47:25.458000","{""changes"": []}","2023-10-04"
"20231005","353783484",3691,bcb5ba99-8e0c-455a-a29a-4e8d5dbfe7a5,"2024-07-26 10:47:25.972000","{""changes"": []}","2023-10-05"
"20231006","353783484",3691,"4f57f756-a609-478b-869e-86a92a0fba53","2024-07-26 10:47:26.398000","{""changes"": []}","2023-10-06"
"20231007","353783484",3712,"55404a40-4bfa-411d-a468-c0522ccead4b","2024-07-26 10:47:26.856000","{""changes"": []}","2023-10-07"
"20231008","353783484",3751,"9a443a61-13a1-40fc-a216-567382b924cb","2024-07-26 10:47:27.281000","{""changes"": []}","2023-10-08"
"20231009","353783484",3715,b19296da-c70f-4912-b53f-e09650e81145,"2024-07-26 10:47:27.688000","{""changes"": []}","2023-10-09"
"20231010","353783484",3813,"539247fa-52da-489a-99d2-cb4aada733cf","2024-07-26 10:47:28.239000","{""changes"": []}","2023-10-10"
"20231011","353783484",3945,"2924f26a-dc94-45d4-b44d-d69cd502bdf7","2024-07-26 10:47:28.698000","{""changes"": []}","2023-10-11"
"20231012","353783484",4009,"91ce1f17-1c36-47b6-b788-c38169bee6f6","2024-07-26 10:47:29.214000","{""changes"": []}","2023-10-12"
"20231013","353783484",4093,"6f040251-84f5-4067-9e21-f56fb1c5b738","2024-07-26 10:47:29.717000","{""changes"": []}","2023-10-13"
"20231014","353783484",4168,"956fe62c-212f-4a1a-881d-d66298ad6271","2024-07-26 10:47:30.180000","{""changes"": []}","2023-10-14"
"20231015","353783484",4233,dd3fa1bd-c709-4c16-b075-90b2377b2d7f,"2024-07-26 10:47:30.717000","{""changes"": []}","2023-10-15"
"20231016","353783484",4333,"5c6c756c-7213-4665-8357-d5240471d7b7","2024-07-26 10:47:31.164000","{""changes"": []}","2023-10-16"
"20231017","353783484",4348,"648e5c99-2c94-4890-b294-9cc89fc6e640","2024-07-26 10:47:31.691000","{""changes"": []}","2023-10-17"
"20231018","353783484",4300,ee1946d7-b6d4-4ceb-8200-a1d8bc671887,"2024-07-26 10:47:32.132000","{""changes"": []}","2023-10-18"
"20231019","353783484",4320,ad6ff2a8-da6b-4355-8b19-dedd9d10a8e5,"2024-07-26 10:47:32.587000","{""changes"": []}","2023-10-19"
"20231020","353783484",4356,b712384e-007d-42f9-aa86-3fd835cd68af,"2024-07-26 10:47:33.025000","{""changes"": []}","2023-10-20"
"20231021","353783484",4337,"65f3edf1-71da-478d-ade9-c277b45c4802","2024-07-26 10:47:33.566000","{""changes"": []}","2023-10-21"
"20231022","353783484",4352,"8f08858b-4a92-46e2-9d12-026898808743","2024-07-26 10:47:34.011000","{""changes"": []}","2023-10-22"
"20231023","353783484",4361,"235c1dee-c7ff-4614-b514-d98a65d5ffba","2024-07-26 10:47:34.464000","{""changes"": []}","2023-10-23"
"20231024","353783484",4377,"4bfabd52-a037-4a8f-b8dc-389aecdfa562","2024-07-26 10:47:34.914000","{""changes"": []}","2023-10-24"
"20231025","353783484",4413,"76a7b110-a5e5-430e-a97f-bf3761e7fefd","2024-07-26 10:47:35.369000","{""changes"": []}","2023-10-25"
"20231026","353783484",4400,"3141898b-5501-435e-bff5-5b748d9c69db","2024-07-26 10:47:35.803000","{""changes"": []}","2023-10-26"
"20231027","353783484",4396,"0d8bfc06-86cd-4ff0-bc44-6d8670628abb","2024-07-26 10:47:36.282000","{""changes"": []}","2023-10-27"
"20231028","353783484",4384,"93ecd03c-5abf-4042-aca3-168cae8cf491","2024-07-26 10:47:36.707000","{""changes"": []}","2023-10-28"
"20231029","353783484",4401,"008203c6-d892-46eb-9db1-153583ca3bd9","2024-07-26 10:47:37.251000","{""changes"": []}","2023-10-29"
"20231030","353783484",4447,"90d761f8-c73c-4235-b0df-1375e49f2059","2024-07-26 10:47:37.700000","{""changes"": []}","2023-10-30"
"20231031","353783484",4449,"1e4618c7-14b3-4e27-ae6e-b573f5990c67","2024-07-26 10:47:38.129000","{""changes"": []}","2023-10-31"
"20231101","353783484",4472,d38dc22b-b9f2-4c4a-a9a5-5b9ad14052ac,"2024-07-26 10:47:38.628000","{""changes"": []}","2023-11-01"
"20231102","353783484",4486,a5de875a-15e4-45bf-adf7-505f75178f45,"2024-07-26 10:47:39.071000","{""changes"": []}","2023-11-02"
"20231103","353783484",4580,"750165e9-23e8-404a-ba5d-696aea425ae7","2024-07-26 10:47:39.514000","{""changes"": []}","2023-11-03"
"20231104","353783484",4719,a19e08db-e5c1-4ad9-b054-6cb788f7e292,"2024-07-26 10:47:40","{""changes"": []}","2023-11-04"
"20231105","353783484",4746,d5306e31-9c67-4e40-acfd-129c5589836a,"2024-07-26 10:47:40.537000","{""changes"": []}","2023-11-05"
"20231106","353783484",4699,"136e2cbe-37f4-4a57-b5dc-7a2395470cf1","2024-07-26 10:47:40.971000","{""changes"": []}","2023-11-06"
"20231107","353783484",4703,"15123901-3085-4d1e-a213-0d4f116ca55d","2024-07-26 10:47:41.395000","{""changes"": []}","2023-11-07"
"20231108","353783484",4691,c9489790-2c32-44f6-9374-ddb002823973,"2024-07-26 10:47:41.846000","{""changes"": []}","2023-11-08"
"20231109","353783484",4705,"581c9daf-af12-4f9f-9c29-7649d0a4cecd","2024-07-26 10:47:42.272000","{""changes"": []}","2023-11-09"
"20231110","353783484",4680,"673bb195-4239-4588-8603-2a5bcafda281","2024-07-26 10:47:42.736000","{""changes"": []}","2023-11-10"
"20231111","353783484",4621,e4c8e43f-81fd-4c94-87b9-cc3c0c3abc0c,"2024-07-26 10:47:43.202000","{""changes"": []}","2023-11-11"
"20231112","353783484",4635,e58ac24d-fcee-495e-bb6c-c3487204691a,"2024-07-26 10:47:43.598000","{""changes"": []}","2023-11-12"
"20231113","353783484",4658,"60835c62-f426-4cce-9198-613a4a88bbcc","2024-07-26 10:47:44.016000","{""changes"": []}","2023-11-13"
"20231114","353783484",4671,"301b4093-15a1-4ca7-ab3d-349317088d4f","2024-07-26 10:47:44.470000","{""changes"": []}","2023-11-14"
"20231115","353783484",4627,"0daa31c9-780d-42c8-aa24-0e2e50cb3ab6","2024-07-26 10:47:44.943000","{""changes"": []}","2023-11-15"
"20231116","353783484",4576,"048d4232-4e9b-497c-be83-7f8c50ef6c35","2024-07-26 10:47:45.352000","{""changes"": []}","2023-11-16"
"20231117","353783484",4513,"59086ddd-f212-442f-a745-9d83c09e9a61","2024-07-26 10:47:45.834000","{""changes"": []}","2023-11-17"
"20231118","353783484",4529,b2aff526-3adc-49f2-8dda-380a04b85de0,"2024-07-26 10:47:46.375000","{""changes"": []}","2023-11-18"
"20231119","353783484",4540,"70b03ace-ca96-43f3-a7d3-e9e206e30061","2024-07-26 10:47:46.870000","{""changes"": []}","2023-11-19"
"20231120","353783484",4575,a2e14493-72ef-4c2c-a63e-d3fd7f636599,"2024-07-26 10:47:47.350000","{""changes"": []}","2023-11-20"
"20231121","353783484",4625,"2fde7bee-f136-4eeb-a7ca-87f804baef7f","2024-07-26 10:47:47.811000","{""changes"": []}","2023-11-21"
"20231122","353783484",4681,"0068d275-38a1-44bf-93f2-9088d24c4471","2024-07-26 10:47:48.225000","{""changes"": []}","2023-11-22"
"20231123","353783484",4684,e725bb23-9dfa-4640-9289-065f49f2687a,"2024-07-26 10:47:48.660000","{""changes"": []}","2023-11-23"
"20231124","353783484",4658,"3f70808f-99c8-474a-81d1-5d5b1fc96828","2024-07-26 10:47:49.083000","{""changes"": []}","2023-11-24"
"20231125","353783484",4606,"0b839763-2e05-405f-9d5a-cf372f28aafa","2024-07-26 10:47:49.602000","{""changes"": []}","2023-11-25"
"20231126","353783484",4550,"312e6b93-0f32-4b04-83ab-e55e32ff00e6","2024-07-26 10:47:50.013000","{""changes"": []}","2023-11-26"
"20231127","353783484",4408,"37b25588-c93e-4286-af1d-9c74c2fe12ee","2024-07-26 10:47:50.430000","{""changes"": []}","2023-11-27"
"20231128","353783484",4343,d6a5a30d-eddf-4cde-90da-c788abd16bfe,"2024-07-26 10:47:50.941000","{""changes"": []}","2023-11-28"
"20231129","353783484",4232,"6469ade1-d2fb-4928-9884-a78f44738679","2024-07-26 10:47:51.378000","{""changes"": []}","2023-11-29"
"20231130","353783484",4164,dc02a845-f256-4e77-ac46-5d3851257f80,"2024-07-26 10:47:51.814000","{""changes"": []}","2023-11-30"
"20231201","353783484",4089,"3e778dbb-b9fc-4cff-aea5-f4575bbd035e","2024-07-26 10:47:52.328000","{""changes"": []}","2023-12-01"
"20231202","353783484",4019,"07ce9d85-292a-4659-bfd8-1807ac1d6c4a","2024-07-26 10:47:52.806000","{""changes"": []}","2023-12-02"
"20231203","353783484",3989,"04372802-e2a1-4208-88a3-7ccbe16f71a5","2024-07-26 10:47:53.382000","{""changes"": []}","2023-12-03"
"20231204","353783484",3977,"2d79e550-d83a-4d95-9999-e19e8f34cbd1","2024-07-26 10:47:53.807000","{""changes"": []}","2023-12-04"
"20231205","353783484",3926,"92d7d69a-c151-42d3-8f46-2b07b0855a70","2024-07-26 10:47:54.207000","{""changes"": []}","2023-12-05"
"20231206","353783484",3893,"0ca7ed59-15ff-4bd7-bc28-05e388676798","2024-07-26 10:47:54.680000","{""changes"": []}","2023-12-06"
"20231207","353783484",3907,"3bf75c4b-84e0-49b0-ab60-387a7b25c924","2024-07-26 10:47:55.214000","{""changes"": []}","2023-12-07"
"20231208","353783484",3982,a54ffaab-dceb-4a84-9081-04a6cc172261,"2024-07-26 10:47:55.643000","{""changes"": []}","2023-12-08"
"20231209","353783484",3945,ac9337f7-6713-4368-a71b-dc7a735626c3,"2024-07-26 10:47:56.111000","{""changes"": []}","2023-12-09"
"20231210","353783484",3894,b313cb7c-42f4-4046-8f5a-a997b869a0c9,"2024-07-26 10:47:56.519000","{""changes"": []}","2023-12-10"
"20231211","353783484",3946,"10ed0f78-9f08-4f4c-9b0b-20306062585f","2024-07-26 10:47:56.946000","{""changes"": []}","2023-12-11"
"20231212","353783484",3895,"1585507e-a3c1-41ae-9295-8f6928eacdc7","2024-07-26 10:47:57.427000","{""changes"": []}","2023-12-12"
"20231213","353783484",3856,"60869365-bd1d-41dd-bb9a-b89eacc65df2","2024-07-26 10:47:57.853000","{""changes"": []}","2023-12-13"
"20231214","353783484",3864,"845a2ad2-a491-496b-a83c-119f468ff031","2024-07-26 10:47:58.295000","{""changes"": []}","2023-12-14"
"20231215","353783484",3749,"45065539-2095-485b-a861-799be3b39cb3","2024-07-26 10:47:58.752000","{""changes"": []}","2023-12-15"
"20231216","353783484",3764,"136a3347-de7e-47a1-950d-15b8820262cb","2024-07-26 10:47:59.252000","{""changes"": []}","2023-12-16"
"20231217","353783484",3720,"419c600c-8912-4d70-bcaa-a790cea2400c","2024-07-26 10:47:59.739000","{""changes"": []}","2023-12-17"
"20231218","353783484",3653,"8879bc41-bfb1-4367-bc1a-e433f36197ad","2024-07-26 10:48:00.145000","{""changes"": []}","2023-12-18"
"20231219","353783484",3646,b5272186-b31b-4c16-96f4-b4c62e37ce12,"2024-07-26 10:48:00.669000","{""changes"": []}","2023-12-19"
"20231220","353783484",3634,"90aa9ce0-880a-40a4-bae8-b20e17a346bb","2024-07-26 10:48:01.155000","{""changes"": []}","2023-12-20"
"20231221","353783484",3552,ebd2be86-1491-47d1-9e0e-25ed5c8672bf,"2024-07-26 10:48:01.568000","{""changes"": []}","2023-12-21"
"20231222","353783484",3544,d4f9afde-44ac-4ef8-a819-3e600a7a7529,"2024-07-26 10:48:02.045000","{""changes"": []}","2023-12-22"
"20231223","353783484",3426,"43469fa1-686c-4864-a69d-23fa759aee0b","2024-07-26 10:48:02.533000","{""changes"": []}","2023-12-23"
"20231224","353783484",3267,"84afce08-918a-4266-a3e9-2892f57d9ad3","2024-07-26 10:48:03.016000","{""changes"": []}","2023-12-24"
"20231225","353783484",2942,"64e6a9ed-3860-458c-b6a7-2b7eb699e14c","2024-07-26 10:48:03.433000","{""changes"": []}","2023-12-25"
"20231226","353783484",2848,c9d12feb-0c67-4c65-a1ba-cd8257f015bb,"2024-07-26 10:48:03.867000","{""changes"": []}","2023-12-26"
"20231227","353783484",2892,e20d3fe1-917b-46ff-b578-63ed1f19a6c5,"2024-07-26 10:48:04.437000","{""changes"": []}","2023-12-27"
"20231228","353783484",2976,"6d3264ec-509f-4df4-9f72-2d5507881eef","2024-07-26 10:48:04.867000","{""changes"": []}","2023-12-28"
"20231229","353783484",2992,"40c089c0-b35f-4cd4-adcd-77b3fe9fb4a8","2024-07-26 10:48:05.305000","{""changes"": []}","2023-12-29"
"20231230","353783484",3110,"17f1f70e-fa27-4fd7-af8a-fad666f7412e","2024-07-26 10:48:05.708000","{""changes"": []}","2023-12-30"
"20231231","353783484",3199,"0f1e3ba9-6880-4801-a3a6-4b5a36f857e9","2024-07-26 10:48:06.188000","{""changes"": []}","2023-12-31"
"20240101","353783484",3434,"1a9653e2-add9-40e1-a428-31ab687a757c","2024-07-26 10:48:06.621000","{""changes"": []}","2024-01-01"
"20240102","353783484",3622,e9aa2256-afbf-4891-ba34-5e3168b0dcb5,"2024-07-26 10:48:07.065000","{""changes"": []}","2024-01-02"
"20240103","353783484",3767,b13e905e-ee8d-4e72-819b-4b5ab8938a97,"2024-07-26 10:48:07.461000","{""changes"": []}","2024-01-03"
"20240104","353783484",3883,"5869d150-dd1e-46a1-970f-8a3d964e99db","2024-07-26 10:48:07.874000","{""changes"": []}","2024-01-04"
"20240105","353783484",4028,"20e2e793-6a6b-4a1e-b91a-7c6d65b32b1e","2024-07-26 10:48:08.296000","{""changes"": []}","2024-01-05"
"20240106","353783484",4114,"90c1fa8b-1b06-41f1-bde9-bd2876f714b2","2024-07-26 10:48:08.755000","{""changes"": []}","2024-01-06"
"20240107","353783484",4255,"70e5d15e-ceb0-46bc-886c-5f47caa0ffb0","2024-07-26 10:48:09.168000","{""changes"": []}","2024-01-07"
"20240108","353783484",4384,ce65e445-dee7-413b-9a25-75d0b49c41f3,"2024-07-26 10:48:09.663000","{""changes"": []}","2024-01-08"
"20240109","353783484",4393,"4afff0f4-452a-4862-9276-370f84ac3e22","2024-07-26 10:48:10.090000","{""changes"": []}","2024-01-09"
"20240110","353783484",4355,"62a203ca-fb9c-4339-aa4a-fddb3172fe15","2024-07-26 10:48:10.569000","{""changes"": []}","2024-01-10"
"20240111","353783484",4260,"0621488a-c604-419f-9071-1cd460b5e0a1","2024-07-26 10:48:11.064000","{""changes"": []}","2024-01-11"
"20240112","353783484",4268,"614c2910-f40a-470b-8246-3d0b872b4cdd","2024-07-26 10:48:11.530000","{""changes"": []}","2024-01-12"
"20240113","353783484",4294,b8492275-bdc8-4579-936f-1e126557b84e,"2024-07-26 10:48:12.023000","{""changes"": []}","2024-01-13"
"20240114","353783484",4353,caf6b318-8416-4860-bc1c-7d4500394ac7,"2024-07-26 10:48:12.429000","{""changes"": []}","2024-01-14"
"20240115","353783484",4451,"75258943-c4d1-4320-bfb6-ca7d8e291366","2024-07-26 10:48:12.944000","{""changes"": []}","2024-01-15"
"20240116","353783484",4466,"0f6d5e6e-d0a9-46c7-bd8a-1fabfa8b211e","2024-07-26 10:48:13.393000","{""changes"": []}","2024-01-16"
"20240117","353783484",4477,fc4e0262-b123-4583-ad2f-df5e53f5ec10,"2024-07-26 10:48:13.825000","{""changes"": []}","2024-01-17"
"20240118","353783484",4524,"350a13b9-208a-4799-b8ab-83ca74e20a31","2024-07-26 10:48:14.212000","{""changes"": []}","2024-01-18"
"20240119","353783484",4530,"9a2fd061-0e2e-4054-8141-f61a906a7a36","2024-07-26 10:48:14.646000","{""changes"": []}","2024-01-19"
"20240120","353783484",4549,"474f3af4-e052-45b1-bd78-8b4a1825546e","2024-07-26 10:48:15.126000","{""changes"": []}","2024-01-20"
"20240121","353783484",4563,e4279ccf-0b23-4b83-9eb9-d9ae2e0ac004,"2024-07-26 10:48:15.591000","{""changes"": []}","2024-01-21"
"20240122","353783484",4558,"0ceb9600-364f-4eae-850d-bd69ab5461cc","2024-07-26 10:48:16.056000","{""changes"": []}","2024-01-22"
"20240123","353783484",4547,df07ddbd-98fa-4a39-aeac-0ef0be0a4bad,"2024-07-26 10:48:16.473000","{""changes"": []}","2024-01-23"
"20240124","353783484",4539,e276992f-a434-42fe-9788-6662ec14aaf4,"2024-07-26 10:48:17.011000","{""changes"": []}","2024-01-24"
"20240125","353783484",4561,a63e9e23-f43d-470c-8072-8f1bbb2b629d,"2024-07-26 10:48:17.479000","{""changes"": []}","2024-01-25"
"20240126","353783484",4496,"35d60f26-9c17-4353-9757-cff9157dffea","2024-07-26 10:48:17.908000","{""changes"": []}","2024-01-26"
"20240127","353783484",4519,"617738f0-062d-40dc-8af8-ec01a5f83271","2024-07-26 10:48:18.352000","{""changes"": []}","2024-01-27"
"20240128","353783484",4590,b3a6ebf1-d087-459f-a7ca-04ae209a5237,"2024-07-26 10:48:18.751000","{""changes"": []}","2024-01-28"
"20240129","353783484",4589,ca744835-3486-4ec6-b91d-8565fbe3aec4,"2024-07-26 10:48:19.146000","{""changes"": []}","2024-01-29"
"20240130","353783484",4594,"2182e7fc-d128-47b1-bb58-8dc8e96df10d","2024-07-26 10:48:19.545000","{""changes"": []}","2024-01-30"
"20240131","353783484",4619,"88a9c7f9-8a94-442c-b2d1-0d377d86c734","2024-07-26 10:48:20.013000","{""changes"": []}","2024-01-31"
"20240201","353783484",4634,"26af8f83-a418-4ea1-9060-13ad83c6617d","2024-07-26 10:48:20.465000","{""changes"": []}","2024-02-01"
"20240202","353783484",4800,b8c5601a-66b4-46b4-9ac7-0a5b69c9f342,"2024-07-26 10:48:21.009000","{""changes"": []}","2024-02-02"
"20240203","353783484",4904,"5b1d1a3d-7017-4e75-b43d-245d1c772637","2024-07-26 10:48:21.423000","{""changes"": []}","2024-02-03"
"20240204","353783484",5016,"1600bf95-dbbd-497b-ad3b-4b4009a35f63","2024-07-26 10:48:21.831000","{""changes"": []}","2024-02-04"
"20240205","353783484",5146,"510a96e8-2f76-48ee-9590-052c8c463952","2024-07-26 10:48:22.289000","{""changes"": []}","2024-02-05"
"20240206","353783484",5275,bf21a567-5e2f-40ca-a08f-9fd0d56f3650,"2024-07-26 10:48:22.688000","{""changes"": []}","2024-02-06"
"20240207","353783484",5460,f256b09a-f5cd-4733-81d8-61ce3da2dd84,"2024-07-26 10:48:23.128000","{""changes"": []}","2024-02-07"
"20240208","353783484",5619,"37758e89-c137-4756-a999-0b9dd7c91f04","2024-07-26 10:48:23.527000","{""changes"": []}","2024-02-08"
"20240209","353783484",5631,"935caeae-4fd9-44d4-b351-84a0fd4a6c79","2024-07-26 10:48:23.985000","{""changes"": []}","2024-02-09"
"20240210","353783484",5604,"4ba560ec-357d-4d09-8d99-f2f53a8cc297","2024-07-26 10:48:24.421000","{""changes"": []}","2024-02-10"
"20240211","353783484",5432,"8ad4d263-dbd2-479d-b144-6353fbff2aa5","2024-07-26 10:48:24.904000","{""changes"": []}","2024-02-11"
"20240212","353783484",5313,af15167f-88d1-48b3-a428-736c0060a19d,"2024-07-26 10:48:25.311000","{""changes"": []}","2024-02-12"
"20240213","353783484",5269,b3dd6dd1-2d40-4448-819a-1f38f95a3c19,"2024-07-26 10:48:25.719000","{""changes"": []}","2024-02-13"
"20240214","353783484",5117,"09e97f83-37a8-444a-ae05-79d27d8181e1","2024-07-26 10:48:26.242000","{""changes"": []}","2024-02-14"
"20240215","353783484",4986,"32853ec5-93f8-4041-a4fd-114b8fa78ff5","2024-07-26 10:48:26.702000","{""changes"": []}","2024-02-15"
"20240216","353783484",4949,bc065e35-9d0b-4e0e-90b5-34d320efb9ab,"2024-07-26 10:48:27.129000","{""changes"": []}","2024-02-16"
"20240217","353783484",4969,"41b0209d-7ed8-4e90-8fae-6c5e169c8d7a","2024-07-26 10:48:27.572000","{""changes"": []}","2024-02-17"
"20240218","353783484",5060,b7826e76-dcb6-4687-bf2b-48f097a1db02,"2024-07-26 10:48:27.975000","{""changes"": []}","2024-02-18"
"20240219","353783484",5116,"1b9cde7a-dd69-4311-9581-2b8706ce9b24","2024-07-26 10:48:28.451000","{""changes"": []}","2024-02-19"
"20240220","353783484",5120,"4ed5e134-e9b1-4466-ba8f-c9d1e70667cb","2024-07-26 10:48:28.914000","{""changes"": []}","2024-02-20"
"20240221","353783484",5221,f3340763-153f-44ff-a388-d65e5280ef87,"2024-07-26 10:48:29.400000","{""changes"": []}","2024-02-21"
"20240222","353783484",5315,b39399e8-454d-42b7-b396-a8fe3f705cdc,"2024-07-26 10:48:29.808000","{""changes"": []}","2024-02-22"
"20240223","353783484",5324,a1bb2d0a-cedd-401f-a04b-94d37e98f717,"2024-07-26 10:48:30.224000","{""changes"": []}","2024-02-23"
"20240224","353783484",5424,"25007ada-9b2c-4361-bc6b-fcc5dbfdac77","2024-07-26 10:48:30.654000","{""changes"": []}","2024-02-24"
"20240225","353783484",5546,"1c5d72c7-58d8-4dc9-aebd-aff97b89434c","2024-07-26 10:48:31.082000","{""changes"": []}","2024-02-25"
"20240226","353783484",5579,"5c7353dd-cd21-4e47-825b-78b7537d47f2","2024-07-26 10:48:31.490000","{""changes"": []}","2024-02-26"
"20240227","353783484",5579,"6d14fd47-8025-4a06-929d-6eab2f06f9ab","2024-07-26 10:48:31.977000","{""changes"": []}","2024-02-27"
"20240228","353783484",5500,"07b4eeb9-08f1-4e65-9980-5a9ddf4784de","2024-07-26 10:48:32.389000","{""changes"": []}","2024-02-28"
"20240229","353783484",5567,"8769b159-6587-4372-a18e-0f22c6d96252","2024-07-26 10:48:32.877000","{""changes"": []}","2024-02-29"
"20240301","353783484",5499,"4aeb51b1-a2e3-4e6d-9408-d55a2c36e2e6","2024-07-26 10:48:33.335000","{""changes"": []}","2024-03-01"
"20240302","353783484",5443,e25674d5-5371-4709-8268-0bea0a4748e5,"2024-07-26 10:48:33.799000","{""changes"": []}","2024-03-02"
"20240303","353783484",5384,"6293cd04-7a3d-48a4-a45b-5e2a5b675fe2","2024-07-26 10:48:34.216000","{""changes"": []}","2024-03-03"
"20240304","353783484",5417,a9e27af0-ffda-42a3-ab92-f2b7b861c252,"2024-07-26 10:48:34.764000","{""changes"": []}","2024-03-04"
"20240305","353783484",5285,"4512c57c-00c3-4083-898a-37bb5a52b85e","2024-07-26 10:48:35.215000","{""changes"": []}","2024-03-05"
"20240306","353783484",5230,d7487778-a50f-40d0-8b0f-c0757079e5c5,"2024-07-26 10:48:35.654000","{""changes"": []}","2024-03-06"
"20240307","353783484",4956,aa92780b-4e9f-4aae-8b28-845394073a71,"2024-07-26 10:48:36.274000","{""changes"": []}","2024-03-07"
"20240308","353783484",4774,"92aa5109-e3a0-4bf6-997f-c69e8f5cf32d","2024-07-26 10:48:36.788000","{""changes"": []}","2024-03-08"
"20240309","353783484",4503,"7eee3f80-077b-4dbe-a6a2-f5fcbbdcc3d0","2024-07-26 10:48:37.209000","{""changes"": []}","2024-03-09"
"20240310","353783484",4213,"43ca3720-34df-469f-9f7a-06635c965cb5","2024-07-26 10:48:37.615000","{""changes"": []}","2024-03-10"
"20240311","353783484",3902,"417e3cf1-a0e6-4488-8518-ec45281af6d0","2024-07-26 10:48:38.031000","{""changes"": []}","2024-03-11"
"20240312","353783484",3699,d181b628-1b54-44cc-a7ef-b4d829a841c1,"2024-07-26 10:48:38.440000","{""changes"": []}","2024-03-12"
"20240313","353783484",3513,"3cecc27c-62a2-4aa1-bd6c-ff571a9746f5","2024-07-26 10:48:38.845000","{""changes"": []}","2024-03-13"
"20240314","353783484",3427,"9d9dec6b-aebe-4eb8-867b-1b1833160dda","2024-07-26 10:48:39.313000","{""changes"": []}","2024-03-14"
"20240315","353783484",3374,ad95d7ae-389d-47ed-a6e0-febf571a9afe,"2024-07-26 10:48:39.709000","{""changes"": []}","2024-03-15"
"20240316","353783484",3267,"62db9b41-b970-4b5b-90c3-d934aa9655fd","2024-07-26 10:48:40.121000","{""changes"": []}","2024-03-16"
"20240317","353783484",3170,b9edf1be-ec52-4401-9ad9-87831f693449,"2024-07-26 10:48:40.558000","{""changes"": []}","2024-03-17"
"20240318","353783484",3141,"6dc3fcba-2811-428f-b0a8-040089399415","2024-07-26 10:48:41.053000","{""changes"": []}","2024-03-18"
"20240319","353783484",3151,"834d4c09-3509-484d-8b58-c573b6a62983","2024-07-26 10:48:41.495000","{""changes"": []}","2024-03-19"
"20240320","353783484",3166,edbdbf8d-cb51-4859-8573-d448f43cca67,"2024-07-26 10:48:41.887000","{""changes"": []}","2024-03-20"
"20240321","353783484",3186,c3cd196f-249c-436b-89c9-2a0e95b063e8,"2024-07-26 10:48:42.332000","{""changes"": []}","2024-03-21"
"20240322","353783484",3237,"8caff8f6-d2e6-4dbb-bd07-900de5eac6cb","2024-07-26 10:48:42.764000","{""changes"": []}","2024-03-22"
"20240323","353783484",3281,a43304fa-279f-413a-a217-87811a870676,"2024-07-26 10:48:43.160000","{""changes"": []}","2024-03-23"
"20240324","353783484",3318,"7aefe9a9-0496-4a54-b0d3-0e98da0d4fec","2024-07-26 10:48:43.557000","{""changes"": []}","2024-03-24"
"20240325","353783484",3284,"330c1de0-4af1-45d4-a89d-5f11fb99de13","2024-07-26 10:48:43.968000","{""changes"": []}","2024-03-25"
"20240326","353783484",3232,"56dfc31b-dae9-411a-b3e7-4ac5a8cda7bc","2024-07-26 10:48:44.358000","{""changes"": []}","2024-03-26"
"20240327","353783484",3155,"626ea76f-01e1-4b20-ba94-40f5c32243e9","2024-07-26 10:48:44.817000","{""changes"": []}","2024-03-27"
"20240328","353783484",3120,"7c07f77f-f1dc-4133-a50e-90ab22a4e466","2024-07-26 10:48:45.218000","{""changes"": []}","2024-03-28"
"20240329","353783484",3041,"04fceaea-4e54-4ecf-a0d7-4ee99a5a19b6","2024-07-26 10:48:45.633000","{""changes"": []}","2024-03-29"
"20240330","353783484",3016,"14c58a1a-c405-4d31-9377-2bde24684ffa","2024-07-26 10:48:46.077000","{""changes"": []}","2024-03-30"
"20240331","353783484",2961,"657f4470-651f-4387-8fc0-e2b41489a522","2024-07-26 10:48:46.525000","{""changes"": []}","2024-03-31"
"20240401","353783484",3031,"49fc0106-8070-4513-bf87-33aae493f688","2024-07-26 10:48:47.008000","{""changes"": []}","2024-04-01"
"20240402","353783484",3169,"6e278d78-736c-4eac-a621-09de7abb44fb","2024-07-26 10:48:47.412000","{""changes"": []}","2024-04-02"
"20240403","353783484",3342,fc2984fe-320d-4a3c-8ac4-f2c6778a3e86,"2024-07-26 10:48:47.869000","{""changes"": []}","2024-04-03"
"20240404","353783484",3464,"04ed1d40-f69f-4aa7-aecd-e3b15c711ca8","2024-07-26 10:48:48.386000","{""changes"": []}","2024-04-04"
"20240405","353783484",3562,"9c67d910-2b23-41b4-92f8-db0a8e1ff876","2024-07-26 10:48:48.832000","{""changes"": []}","2024-04-05"
"20240406","353783484",3688,d940d8c5-ced3-4524-a737-885bebb33689,"2024-07-26 10:48:49.238000","{""changes"": []}","2024-04-06"
"20240407","353783484",3838,f4d3bb1d-7929-4977-90f1-519a9157172c,"2024-07-26 10:48:49.665000","{""changes"": []}","2024-04-07"
"20240408","353783484",3837,deed9907-0578-47c0-a358-44e1599cba31,"2024-07-26 10:48:50.071000","{""changes"": []}","2024-04-08"
"20240409","353783484",3838,"8215937f-5b36-4b9c-a9a5-6acbcbe2f802","2024-07-26 10:48:50.505000","{""changes"": []}","2024-04-09"
"20240410","353783484",3772,a38318fc-d499-481f-88a1-be5bfc58aa70,"2024-07-26 10:48:50.980000","{""changes"": []}","2024-04-10"
"20240411","353783484",3826,c763a952-0eb4-48c7-9d83-8c25b1238ba9,"2024-07-26 10:48:51.452000","{""changes"": []}","2024-04-11"
"20240412","353783484",3840,"3b19548b-3c12-43d2-8d97-6411a14f139c","2024-07-26 10:48:51.891000","{""changes"": []}","2024-04-12"
"20240413","353783484",3791,d50b34a5-abc4-4fc9-bc76-c8c87ce770df,"2024-07-26 10:48:52.340000","{""changes"": []}","2024-04-13"
"20240414","353783484",3783,a5cd1dcf-2538-4c34-aadc-2132d1e767b5,"2024-07-26 10:48:52.758000","{""changes"": []}","2024-04-14"
"20240415","353783484",3825,"28a66741-ba03-48fa-adfd-964823eba479","2024-07-26 10:48:53.225000","{""changes"": []}","2024-04-15"
"20240416","353783484",3839,"61e55004-2bd7-49b3-bae4-dd52a07b092c","2024-07-26 10:48:53.671000","{""changes"": []}","2024-04-16"
"20240417","353783484",3916,"87037611-a873-456b-9ec7-920a765ac44d","2024-07-26 10:48:54.085000","{""changes"": []}","2024-04-17"
"20240418","353783484",3862,"9ebf47bd-6cfd-4b58-8173-8a9350896644","2024-07-26 10:48:54.483000","{""changes"": []}","2024-04-18"
"20240419","353783484",3884,"185e5712-5f83-4318-a255-fd3a5d415f87","2024-07-26 10:48:54.940000","{""changes"": []}","2024-04-19"
"20240420","353783484",3922,d14da6e8-4fbf-438a-94da-3cf0d5d276aa,"2024-07-26 10:48:55.334000","{""changes"": []}","2024-04-20"
"20240421","353783484",3929,"68460109-735c-4487-9a2e-5a9060726f02","2024-07-26 10:48:55.768000","{""changes"": []}","2024-04-21"
"20240422","353783484",3906,be4d8e58-3f05-4bcc-8c9b-8fc74f351e71,"2024-07-26 10:48:56.206000","{""changes"": []}","2024-04-22"
"20240423","353783484",3922,"2c9c6631-7c61-4bcf-a604-9bf9dfcf6a3b","2024-07-26 10:48:56.609000","{""changes"": []}","2024-04-23"
"20240424","353783484",3879,f421267b-bc27-40c0-b516-d79522bc059f,"2024-07-26 10:48:57.029000","{""changes"": []}","2024-04-24"
"20240425","353783484",3897,"35030171-1539-4af1-9e71-4df98e3621a3","2024-07-26 10:48:57.585000","{""changes"": []}","2024-04-25"
"20240426","353783484",3855,"13687438-69c0-4041-952c-cecd2ef7bf01","2024-07-26 10:48:58.117000","{""changes"": []}","2024-04-26"
"20240427","353783484",3838,"7184cc52-e0d7-4b14-8694-07548c79da7e","2024-07-26 10:48:58.554000","{""changes"": []}","2024-04-27"
"20240428","353783484",3873,"4c406544-3aca-49da-911a-6e98b132dfd2","2024-07-26 10:48:58.957000","{""changes"": []}","2024-04-28"
"20240429","353783484",3966,"25171a55-bc15-4386-adf3-3c0bbc5d9a88","2024-07-26 10:48:59.396000","{""changes"": []}","2024-04-29"
"20240430","353783484",4007,e73b184f-5b1d-4024-9bd1-00c0921e84d2,"2024-07-26 10:48:59.798000","{""changes"": []}","2024-04-30"
"20240501","353783484",3985,"5425a2cc-1d7b-4684-a132-f10bc85242b9","2024-07-26 10:49:00.218000","{""changes"": []}","2024-05-01"
"20240502","353783484",3897,b267c75a-fd26-4fbb-8338-a88adff8d68a,"2024-07-26 10:49:00.626000","{""changes"": []}","2024-05-02"
"20240503","353783484",3944,"3de796f5-733a-418a-8c88-de28b70f3735","2024-07-26 10:49:01.147000","{""changes"": []}","2024-05-03"
"20240504","353783484",3849,"9d9bf164-cfcc-40d0-9226-21029184e7f3","2024-07-26 10:49:01.557000","{""changes"": []}","2024-05-04"
"20240505","353783484",3822,be54e503-f8f7-4e4c-a731-ac584bd85956,"2024-07-26 10:49:01.967000","{""changes"": []}","2024-05-05"
"20240506","353783484",3722,a4ad44d5-ce59-4e34-84bd-017804d5beb3,"2024-07-26 10:49:02.406000","{""changes"": []}","2024-05-06"
"20240507","353783484",3673,"4c3c722f-bf7f-4831-8672-0645426f7a35","2024-07-26 10:49:02.819000","{""changes"": []}","2024-05-07"
"20240508","353783484",3750,"15fc3dc8-fe45-4568-af40-997c923bb396","2024-07-26 10:49:03.220000","{""changes"": []}","2024-05-08"
"20240509","353783484",3901,"67c3e58b-e46c-4cff-a0d3-92602ed92190","2024-07-26 10:49:03.644000","{""changes"": []}","2024-05-09"
"20240510","353783484",3928,"9f684f6d-a374-4b35-9060-725f7e447ef5","2024-07-26 10:49:04.063000","{""changes"": []}","2024-05-10"
"20240511","353783484",4092,b6cd4a15-0216-460b-9683-c373c224acaa,"2024-07-26 10:49:04.538000","{""changes"": []}","2024-05-11"
"20240512","353783484",4110,e3add81c-f095-4ae4-b8bc-84ebaa32c1c9,"2024-07-26 10:49:04.965000","{""changes"": []}","2024-05-12"
"20240513","353783484",4239,d34e869a-65ff-43ab-beca-e4940798e51b,"2024-07-26 10:49:05.418000","{""changes"": []}","2024-05-13"
"20240514","353783484",4293,"93f403be-7bf1-46b1-822b-8cd937cb6d4a","2024-07-26 10:49:05.815000","{""changes"": []}","2024-05-14"
"20240515","353783484",4379,"44366196-a0aa-4a63-8b7e-708a12deb161","2024-07-26 10:49:06.235000","{""changes"": []}","2024-05-15"
"20240516","353783484",4346,ab9cf619-dad8-4beb-95a3-3446d1de8b3f,"2024-07-26 10:49:06.653000","{""changes"": []}","2024-05-16"
"20240517","353783484",4457,ddb9efa2-9eb3-4acc-a41a-8137c524ccc1,"2024-07-26 10:49:07.081000","{""changes"": []}","2024-05-17"
"20240518","353783484",4448,"1cad24db-94c9-469c-8106-3b87bb3e3b23","2024-07-26 10:49:07.504000","{""changes"": []}","2024-05-18"
"20240519","353783484",4479,"5206d3f5-2cdc-44a1-bebc-4c9a2e42d727","2024-07-26 10:49:07.906000","{""changes"": []}","2024-05-19"
"20240520","353783484",4386,"63ea2c75-809a-483e-979a-8bf891cef365","2024-07-26 10:49:08.311000","{""changes"": []}","2024-05-20"
"20240521","353783484",4386,"9d74a3c4-4709-4fed-8449-82f514edfbcd","2024-07-26 10:49:08.720000","{""changes"": []}","2024-05-21"
"20240522","353783484",4258,ee6d166d-7897-4acd-bb8e-1b650b634d58,"2024-07-26 10:49:09.105000","{""changes"": []}","2024-05-22"
"20240523","353783484",4269,"52c38827-1b0d-4e64-89ec-dc9e82c24070","2024-07-26 10:49:09.550000","{""changes"": []}","2024-05-23"
"20240524","353783484",4092,"25926c6d-49f5-4ddd-bf84-46a69091e2ba","2024-07-26 10:49:09.970000","{""changes"": []}","2024-05-24"
"20240525","353783484",4058,ab099c17-71ba-47ba-a612-8a8e889bcd20,"2024-07-26 10:49:10.378000","{""changes"": []}","2024-05-25"
"20240526","353783484",3995,cdca3c5b-c31b-48a8-8ee6-5539e3b96b0d,"2024-07-26 10:49:10.816000","{""changes"": []}","2024-05-26"
"20240527","353783484",4067,"2d36a2d8-2a86-42b3-9d49-c84224b2bc06","2024-07-26 10:49:11.217000","{""changes"": []}","2024-05-27"
"20240528","353783484",4131,"4af2e716-2b08-4588-a3aa-e99197404375","2024-07-26 10:49:11.632000","{""changes"": []}","2024-05-28"
"20240529","353783484",4266,d61526f1-806e-441b-9936-85e83de44a17,"2024-07-26 10:49:12.115000","{""changes"": []}","2024-05-29"
"20240530","353783484",4265,"18afb5c4-fb54-4faa-9caf-95b8c376f4e2","2024-07-26 10:49:12.528000","{""changes"": []}","2024-05-30"
"20240531","353783484",4426,"6ed55603-c342-4ef1-a0d4-209d1ddcd825","2024-07-26 10:49:12.922000","{""changes"": []}","2024-05-31"
"20240601","353783484",4376,b7b8d8b9-e056-459d-ab2b-4789b2ee1c2a,"2024-07-26 10:49:13.329000","{""changes"": []}","2024-06-01"
"20240602","353783484",4424,"518a1c6c-2b15-467e-8837-7f380fad4fb6","2024-07-26 10:49:13.776000","{""changes"": []}","2024-06-02"
"20240603","353783484",4453,ca1a5d4a-eae2-43fb-af5a-a5d208bebdd2,"2024-07-26 10:49:14.189000","{""changes"": []}","2024-06-03"
"20240604","353783484",4451,"1bec0d9b-ec12-4939-bc48-70ec2d0fa19e","2024-07-26 10:49:14.608000","{""changes"": []}","2024-06-04"
"20240605","353783484",4375,e08158ac-1fcb-462f-9d73-d8f5daa6067f,"2024-07-26 10:49:15.177000","{""changes"": []}","2024-06-05"
"20240606","353783484",4378,"0f135f0c-4335-4d0d-9579-b24e2735d6f1","2024-07-26 10:49:15.680000","{""changes"": []}","2024-06-06"
"20240607","353783484",4303,"09ed2162-0a50-43a3-8b41-16ad38420349","2024-07-26 10:49:16.108000","{""changes"": []}","2024-06-07"
"20240608","353783484",4328,"41145346-789b-4156-8af0-854aa70447dd","2024-07-26 10:49:16.610000","{""changes"": []}","2024-06-08"
"20240609","353783484",4397,"8aedc173-603d-4e74-98cc-fabcf11720b8","2024-07-26 10:49:17.109000","{""changes"": []}","2024-06-09"
"20240610","353783484",4402,"03271057-618d-47f1-aae8-864562eda6ec","2024-07-26 10:49:17.615000","{""changes"": []}","2024-06-10"
"20240611","353783484",4306,"95bad3e8-1538-4d94-b8a7-7f11476daff2","2024-07-26 10:49:18.110000","{""changes"": []}","2024-06-11"
"20240612","353783484",4304,"4a4ec4f5-bf44-4c35-899e-e052b7f71fc9","2024-07-26 10:49:18.507000","{""changes"": []}","2024-06-12"
"20240613","353783484",4250,"50548cd1-14a2-4d3a-b195-9a4bcbd3d14b","2024-07-26 10:49:18.934000","{""changes"": []}","2024-06-13"
"20240614","353783484",4185,"67201b65-b4c8-4f30-aa1c-cbdb0e0f606c","2024-07-26 10:49:19.376000","{""changes"": []}","2024-06-14"
"20240615","353783484",4157,"0dcd6c79-6b4b-46eb-96f8-d8a1dd422bfe","2024-07-26 10:49:19.873000","{""changes"": []}","2024-06-15"
"20240616","353783484",4015,"89309dbc-638f-41a1-89ac-feec44b5e997","2024-07-26 10:49:20.268000","{""changes"": []}","2024-06-16"
"20240617","353783484",3964,"715a6d91-c8c1-4732-a989-4fd86dd2c982","2024-07-26 10:49:20.663000","{""changes"": []}","2024-06-17"
"20240618","353783484",3912,d90fb14e-afe2-4489-88c3-98f68e2580a5,"2024-07-26 10:49:21.058000","{""changes"": []}","2024-06-18"
"20240619","353783484",3919,af288a96-002a-4117-9ab5-348286eb6a21,"2024-07-26 10:49:21.475000","{""changes"": []}","2024-06-19"
"20240620","353783484",3928,"6b53d9cc-f660-4df9-a3d4-cfee30186d45","2024-07-26 10:49:21.952000","{""changes"": []}","2024-06-20"
"20240621","353783484",4017,acef4d04-1ec4-4ad3-9b77-0cd1ead01956,"2024-07-26 10:49:22.372000","{""changes"": []}","2024-06-21"
"20240622","353783484",4079,"82d349f4-f995-4562-81c4-43f00ddb7b43","2024-07-26 10:49:22.787000","{""changes"": []}","2024-06-22"
"20240623","353783484",4211,"2d364166-f2ed-4669-8c45-51aa19e6dac3","2024-07-26 10:49:23.197000","{""changes"": []}","2024-06-23"
"20240624","353783484",4210,"4b6d813c-44bc-4427-a662-3e17ebb6d385","2024-07-26 10:49:23.624000","{""changes"": []}","2024-06-24"
"20240625","353783484",4244,d26a5a05-7d00-4bd4-8122-ebcf6d7df530,"2024-07-26 10:49:24.133000","{""changes"": []}","2024-06-25"
"20240626","353783484",4226,"5166f699-6a6e-4ad8-adab-e1265c4cc5c8","2024-07-26 10:49:24.557000","{""changes"": []}","2024-06-26"
"20240627","353783484",4204,"7d9f135d-d584-430e-97d6-ab3fed04244e","2024-07-26 10:49:24.959000","{""changes"": []}","2024-06-27"
"20240628","353783484",4121,"9922d2ac-5e3c-4670-a6ec-920f6bb98ff1","2024-07-26 10:49:25.476000","{""changes"": []}","2024-06-28"
"20240629","353783484",4108,d291be7f-30ba-46c6-90b0-ab509f61e71e,"2024-07-26 10:49:25.890000","{""changes"": []}","2024-06-29"
"20240630","353783484",3988,"5c13c8f0-73f8-4a44-8d56-7444a0e3ca3f","2024-07-26 10:49:26.286000","{""changes"": []}","2024-06-30"
"20240701","353783484",3894,"9f7b4f4b-ecb2-4c90-af5b-c6fd0ebccba4","2024-07-26 10:49:26.711000","{""changes"": []}","2024-07-01"
"20240702","353783484",3938,"48e94828-3051-426b-83df-ca0d7c914c00","2024-07-26 10:49:27.221000","{""changes"": []}","2024-07-02"
"20240703","353783484",4006,"707a9ea4-f355-40e4-810b-748a79fad198","2024-07-26 10:49:27.647000","{""changes"": []}","2024-07-03"
"20240704","353783484",4002,"1b8bb237-fa2d-4044-9558-bec237b53921","2024-07-26 10:49:28.142000","{""changes"": []}","2024-07-04"
"20240705","353783484",4068,d3b72af3-9186-486a-9c42-b0063c7bd29e,"2024-07-26 10:49:28.590000","{""changes"": []}","2024-07-05"
"20240706","353783484",4053,"52746e64-8b1a-40d9-9f3a-1228ce858c4c","2024-07-26 10:49:29.031000","{""changes"": []}","2024-07-06"
"20240707","353783484",4126,b6307965-fa88-4ba7-b89d-5285ebead923,"2024-07-26 10:49:29.461000","{""changes"": []}","2024-07-07"
"20240708","353783484",4321,ad35aa2f-24e3-4f07-974d-04b77a9449d6,"2024-07-26 10:49:29.876000","{""changes"": []}","2024-07-08"
"20240709","353783484",4329,b381bc56-b403-4a14-bded-996aac966898,"2024-07-26 10:49:30.332000","{""changes"": []}","2024-07-09"
"20240710","353783484",4315,"8125ad6d-eec7-4b00-80f5-16b9a882e3df","2024-07-26 10:49:30.731000","{""changes"": []}","2024-07-10"
"20240711","353783484",4403,"92c255b3-7e62-48fd-b0a6-80c6bf084ddd","2024-07-26 10:49:31.153000","{""changes"": []}","2024-07-11"
"20240712","353783484",4388,cce9995d-1aec-4325-a7a8-6d47ccc727df,"2024-07-26 10:49:31.557000","{""changes"": []}","2024-07-12"
"20240713","353783484",4380,a827d374-366c-4ea2-aae1-4b44544c464a,"2024-07-26 10:49:32.008000","{""changes"": []}","2024-07-13"
"20240714","353783484",4321,f4f51886-cd7e-4813-a7f6-15d82ffed185,"2024-07-26 10:49:32.463000","{""changes"": []}","2024-07-14"
"20240715","353783484",4256,"666a3bc2-7e01-41e8-b088-fcc23ab00bd4","2024-07-26 10:49:32.884000","{""changes"": []}","2024-07-15"
"20240716","353783484",4226,a3f4581d-cbf6-476b-817d-f6e50a860136,"2024-07-26 10:49:33.298000","{""changes"": []}","2024-07-16"
"20240717","353783484",4218,dca85b5a-3e26-47af-b433-0913f6fad3a4,"2024-07-26 10:49:33.710000","{""changes"": []}","2024-07-17"
"20240718","353783484",4181,"0b02d79c-67bb-4fb5-aab6-759ce1b46810","2024-07-26 10:49:34.114000","{""changes"": []}","2024-07-18"
"20240719","353783484",4158,e7496598-9b16-4923-8098-ad85ecf9e360,"2024-07-26 10:49:34.534000","{""changes"": []}","2024-07-19"
"20240720","353783484",4166,cb1dcd60-b31f-4dc6-a67b-9ae0fc22371c,"2024-07-26 10:49:34.990000","{""changes"": []}","2024-07-20"
"20240721","353783484",4234,b0d49025-41bf-4123-9317-5cd78b5e5f23,"2024-07-26 10:49:35.419000","{""changes"": []}","2024-07-21"
"20240722","353783484",4287,"22c536be-e427-4bea-91ff-3a300ef6ad13","2024-07-26 10:49:35.835000","{""changes"": []}","2024-07-22"
"20240723","353783484",4299,"36d2546b-719b-47a9-b5c0-1dec234128b6","2024-07-26 10:49:36.288000","{""changes"": []}","2024-07-23"
"20240724","353783484",4290,"1ed6153e-4846-46b6-acaa-9c01f29af255","2024-07-26 10:49:36.675000","{""changes"": []}","2024-07-24"
"20240725","353783484",3983,f19f6827-6b3c-4290-837f-ab5c7a60f6c5,"2024-07-26 10:49:37.199000","{""changes"": []}","2024-07-25"
"20240726","353783484",3448,dcea5050-e371-4ef6-87f5-74b043d9e8e9,"2024-07-26 10:49:37.632000","{""changes"": []}","2024-07-26"
